现代,酷派 2.5T,AVENGER-HP,/images/product3_pic1.jpg,产品定位：运动型轿车轮胎,轮辋：15”，16”，17”，18”,速度：H,SKU：14个,适合路况：高速公路，国道，省道，城市街道,制造地: CKT（中国昆山工厂）,上市时间: 2012年8月,/mc-hp.html, 
现代,酷派 2.7T,AVENGER-HP,/images/product3_pic1.jpg,产品定位：运动型轿车轮胎,轮辋：15”，16”，17”，18”,速度：H,SKU：14个,适合路况：高速公路，国道，省道，城市街道,制造地: CKT（中国昆山工厂）,上市时间: 2012年8月,/mc-hp.html, 
标致,206,AVENGER-HP,/images/product3_pic1.jpg,产品定位：运动型轿车轮胎,轮辋：15”，16”，17”，18”,速度：H,SKU：14个,适合路况：高速公路，国道，省道，城市街道,制造地: CKT（中国昆山工厂）,上市时间: 2012年8月,/mc-hp.html, 
东南,菱帅,AVENGER-HP,/images/product3_pic1.jpg,产品定位：运动型轿车轮胎,轮辋：15”，16”，17”，18”,速度：H,SKU：14个,适合路况：高速公路，国道，省道，城市街道,制造地: CKT（中国昆山工厂）,上市时间: 2012年8月,/mc-hp.html, 
本田,飞度,AVENGER-HP,/images/product3_pic1.jpg,产品定位：运动型轿车轮胎,轮辋：15”，16”，17”，18”,速度：H,SKU：14个,适合路况：高速公路，国道，省道，城市街道,制造地: CKT（中国昆山工厂）,上市时间: 2012年8月,/mc-hp.html, 
铃木,雨燕,AVENGER-HP,/images/product3_pic1.jpg,产品定位：运动型轿车轮胎,轮辋：15”，16”，17”，18”,速度：H,SKU：14个,适合路况：高速公路，国道，省道，城市街道,制造地: CKT（中国昆山工厂）,上市时间: 2012年8月,/mc-hp.html, 
海马,海马3,AVENGER-HP,/images/product3_pic1.jpg,产品定位：运动型轿车轮胎,轮辋：15”，16”，17”，18”,速度：H,SKU：14个,适合路况：高速公路，国道，省道，城市街道,制造地: CKT（中国昆山工厂）,上市时间: 2012年8月,/mc-hp.html,
雷诺, SCENIC,AVENGER-HP,/images/product3_pic1.jpg,产品定位：运动型轿车轮胎,轮辋：15”，16”，17”，18”,速度：H,SKU：14个,适合路况：高速公路，国道，省道，城市街道,制造地: CKT（中国昆山工厂）,上市时间: 2012年8月,/mc-hp.html,
现代,伊朗特,AVENGER-HP,/images/product3_pic1.jpg,产品定位：运动型轿车轮胎,轮辋：15”，16”，17”，18”,速度：H,SKU：14个,适合路况：高速公路，国道，省道，城市街道,制造地: CKT（中国昆山工厂）,上市时间: 2012年8月,/mc-hp.html,
菲亚特,TURBO,AVENGER-HP,/images/product3_pic1.jpg,产品定位：运动型轿车轮胎,轮辋：15”，16”，17”，18”,速度：H,SKU：14个,适合路况：高速公路，国道，省道，城市街道,制造地: CKT（中国昆山工厂）,上市时间: 2012年8月,/mc-hp.html,
奔驰,SLK 200,AVENGER-HP,/images/product3_pic1.jpg,产品定位：运动型轿车轮胎,轮辋：15”，16”，17”，18”,速度：H,SKU：14个,适合路况：高速公路，国道，省道，城市街道,制造地: CKT（中国昆山工厂）,上市时间: 2012年8月,/mc-hp.html,
奔驰,CLK240,AVENGER-HP,/images/product3_pic1.jpg,产品定位：运动型轿车轮胎,轮辋：15”，16”，17”，18”,速度：H,SKU：14个,适合路况：高速公路，国道，省道，城市街道,制造地: CKT（中国昆山工厂）,上市时间: 2012年8月,/mc-hp.html,
奔驰,C200,AVENGER-HP,/images/product3_pic1.jpg,产品定位：运动型轿车轮胎,轮辋：15”，16”，17”，18”,速度：H,SKU：14个,适合路况：高速公路，国道，省道，城市街道,制造地: CKT（中国昆山工厂）,上市时间: 2012年8月,/mc-hp.html,
宝马,325Ci,AVENGER-HP,/images/product3_pic1.jpg,产品定位：运动型轿车轮胎,轮辋：15”，16”，17”，18”,速度：H,SKU：14个,适合路况：高速公路，国道，省道，城市街道,制造地: CKT（中国昆山工厂）,上市时间: 2012年8月,/mc-hp.html,
宝马,530i ,AVENGER-HP,/images/product3_pic1.jpg,产品定位：运动型轿车轮胎,轮辋：15”，16”，17”，18”,速度：H,SKU：14个,适合路况：高速公路，国道，省道，城市街道,制造地: CKT（中国昆山工厂）,上市时间: 2012年8月,/mc-hp.html,
现代,COUPE,AVENGER-HP,/images/product3_pic1.jpg,产品定位：运动型轿车轮胎,轮辋：15”，16”，17”，18”,速度：H,SKU：14个,适合路况：高速公路，国道，省道，城市街道,制造地: CKT（中国昆山工厂）,上市时间: 2012年8月,/mc-hp.html,
现代,伊兰特,AVENGER-HP,/images/product3_pic1.jpg,产品定位：运动型轿车轮胎,轮辋：15”，16”，17”，18”,速度：H,SKU：14个,适合路况：高速公路，国道，省道，城市街道,制造地: CKT（中国昆山工厂）,上市时间: 2012年8月,/mc-hp.html,
本田,雅阁,AVENGER-HP,/images/product3_pic1.jpg,产品定位：运动型轿车轮胎,轮辋：15”，16”，17”，18”,速度：H,SKU：14个,适合路况：高速公路，国道，省道，城市街道,制造地: CKT（中国昆山工厂）,上市时间: 2012年8月,/mc-hp.html,
本田,思域,AVENGER-HP,/images/product3_pic1.jpg,产品定位：运动型轿车轮胎,轮辋：15”，16”，17”，18”,速度：H,SKU：14个,适合路况：高速公路，国道，省道，城市街道,制造地: CKT（中国昆山工厂）,上市时间: 2012年8月,/mc-hp.html,
大众,帕萨特,AVENGER-HP,/images/product3_pic1.jpg,产品定位：运动型轿车轮胎,轮辋：15”，16”，17”，18”,速度：H,SKU：14个,适合路况：高速公路，国道，省道，城市街道,制造地: CKT（中国昆山工厂）,上市时间: 2012年8月,/mc-hp.html,
马自达,马自达6,AVENGER-HP,/images/product3_pic1.jpg,产品定位：运动型轿车轮胎,轮辋：15”，16”，17”，18”,速度：H,SKU：14个,适合路况：高速公路，国道，省道，城市街道,制造地: CKT（中国昆山工厂）,上市时间: 2012年8月,/mc-hp.html,
宝马,3系,AVENGER-HP,/images/product3_pic1.jpg,产品定位：运动型轿车轮胎,轮辋：15”，16”，17”，18”,速度：H,SKU：14个,适合路况：高速公路，国道，省道，城市街道,制造地: CKT（中国昆山工厂）,上市时间: 2012年8月,/mc-hp.html,
奥迪,TT,AVENGER-HP,/images/product3_pic1.jpg,产品定位：运动型轿车轮胎,轮辋：15”，16”，17”，18”,速度：H,SKU：14个,适合路况：高速公路，国道，省道，城市街道,制造地: CKT（中国昆山工厂）,上市时间: 2012年8月,/mc-hp.html,
欧宝,Astra雅特GTC,AVENGER-HP,/images/product3_pic1.jpg,产品定位：运动型轿车轮胎,轮辋：15”，16”，17”，18”,速度：H,SKU：14个,适合路况：高速公路，国道，省道，城市街道,制造地: CKT（中国昆山工厂）,上市时间: 2012年8月,/mc-hp.html,
宝马,5系,AVENGER-HP,/images/product3_pic1.jpg,产品定位：运动型轿车轮胎,轮辋：15”，16”，17”，18”,速度：H,SKU：14个,适合路况：高速公路，国道，省道，城市街道,制造地: CKT（中国昆山工厂）,上市时间: 2012年8月,/mc-hp.html,
雷克萨斯,GS430 ,AVENGER-HP,/images/product3_pic1.jpg,产品定位：运动型轿车轮胎,轮辋：15”，16”，17”，18”,速度：H,SKU：14个,适合路况：高速公路，国道，省道，城市街道,制造地: CKT（中国昆山工厂）,上市时间: 2012年8月,/mc-hp.html,
雷克萨斯,IS300,AVENGER-HP,/images/product3_pic1.jpg,产品定位：运动型轿车轮胎,轮辋：15”，16”，17”，18”,速度：H,SKU：14个,适合路况：高速公路，国道，省道，城市街道,制造地: CKT（中国昆山工厂）,上市时间: 2012年8月,/mc-hp.html,
奔驰,E-CLASS,AVENGER-HP,/images/product3_pic1.jpg,产品定位：运动型轿车轮胎,轮辋：15”，16”，17”，18”,速度：H,SKU：14个,适合路况：高速公路，国道，省道，城市街道,制造地: CKT（中国昆山工厂）,上市时间: 2012年8月,/mc-hp.html,
马自达,马自达3 2.3T,AVENGER-HP,/images/product3_pic1.jpg,产品定位：运动型轿车轮胎,轮辋：15”，16”，17”，18”,速度：H,SKU：14个,适合路况：高速公路，国道，省道，城市街道,制造地: CKT（中国昆山工厂）,上市时间: 2012年8月,/mc-hp.html,
沃尔沃,C30 2.5,AVENGER-HP,/images/product3_pic1.jpg,产品定位：运动型轿车轮胎,轮辋：15”，16”，17”，18”,速度：H,SKU：14个,适合路况：高速公路，国道，省道，城市街道,制造地: CKT（中国昆山工厂）,上市时间: 2012年8月,/mc-hp.html,
沃尔沃,S40 T5,AVENGER-HP,/images/product3_pic1.jpg,产品定位：运动型轿车轮胎,轮辋：15”，16”，17”，18”,速度：H,SKU：14个,适合路况：高速公路，国道，省道，城市街道,制造地: CKT（中国昆山工厂）,上市时间: 2012年8月,/mc-hp.html,
宝马,120i,AVENGER-HP,/images/product3_pic1.jpg,产品定位：运动型轿车轮胎,轮辋：15”，16”，17”，18”,速度：H,SKU：14个,适合路况：高速公路，国道，省道，城市街道,制造地: CKT（中国昆山工厂）,上市时间: 2012年8月,/mc-hp.html,
宝马,130i,AVENGER-HP,/images/product3_pic1.jpg,产品定位：运动型轿车轮胎,轮辋：15”，16”，17”，18”,速度：H,SKU：14个,适合路况：高速公路，国道，省道，城市街道,制造地: CKT（中国昆山工厂）,上市时间: 2012年8月,/mc-hp.html,
宝马,330i,AVENGER-HP,/images/product3_pic1.jpg,产品定位：运动型轿车轮胎,轮辋：15”，16”，17”，18”,速度：H,SKU：14个,适合路况：高速公路，国道，省道，城市街道,制造地: CKT（中国昆山工厂）,上市时间: 2012年8月,/mc-hp.html,
宝马,Z4,AVENGER-HP,/images/product3_pic1.jpg,产品定位：运动型轿车轮胎,轮辋：15”，16”，17”，18”,速度：H,SKU：14个,适合路况：高速公路，国道，省道，城市街道,制造地: CKT（中国昆山工厂）,上市时间: 2012年8月,/mc-hp.html,
奔驰,SLK 55,AVENGER-HP,/images/product3_pic1.jpg,产品定位：运动型轿车轮胎,轮辋：15”，16”，17”，18”,速度：H,SKU：14个,适合路况：高速公路，国道，省道，城市街道,制造地: CKT（中国昆山工厂）,上市时间: 2012年8月,/mc-hp.html,
大众,高尔夫 Gti ,AVENGER-HP,/images/product3_pic1.jpg,产品定位：运动型轿车轮胎,轮辋：15”，16”，17”，18”,速度：H,SKU：14个,适合路况：高速公路，国道，省道，城市街道,制造地: CKT（中国昆山工厂）,上市时间: 2012年8月,/mc-hp.html,
起亚,赛拉图,STRATEGY,/images/product2_pic1.jpg,产品定位：高档舒适静音型轿车轮胎,轮辋：15”，16”，17”,"速度：H , V",SKU：12个,适合路况：高速公路，国道，省道，城市街道,制造地: CKT（中国昆山工厂）,上市时间: 2012年8月,/mc-strategy.html,
现代,伊兰特,STRATEGY,/images/product2_pic1.jpg,产品定位：高档舒适静音型轿车轮胎,轮辋：15”，16”，17”,"速度：H , V",SKU：12个,适合路况：高速公路，国道，省道，城市街道,制造地: CKT（中国昆山工厂）,上市时间: 2012年8月,/mc-strategy.html,
丰田,普锐斯,STRATEGY,/images/product2_pic1.jpg,产品定位：高档舒适静音型轿车轮胎,轮辋：15”，16”，17”,"速度：H , V",SKU：12个,适合路况：高速公路，国道，省道，城市街道,制造地: CKT（中国昆山工厂）,上市时间: 2012年8月,/mc-strategy.html,
丰田,花冠 ,STRATEGY,/images/product2_pic1.jpg,产品定位：高档舒适静音型轿车轮胎,轮辋：15”，16”，17”,"速度：H , V",SKU：12个,适合路况：高速公路，国道，省道，城市街道,制造地: CKT（中国昆山工厂）,上市时间: 2012年8月,/mc-strategy.html,
日产,蓝鸟,STRATEGY,/images/product2_pic1.jpg,产品定位：高档舒适静音型轿车轮胎,轮辋：15”，16”，17”,"速度：H , V",SKU：12个,适合路况：高速公路，国道，省道，城市街道,制造地: CKT（中国昆山工厂）,上市时间: 2012年8月,/mc-strategy.html,
起亚,远舰,STRATEGY,/images/product2_pic1.jpg,产品定位：高档舒适静音型轿车轮胎,轮辋：15”，16”，17”,"速度：H , V",SKU：12个,适合路况：高速公路，国道，省道，城市街道,制造地: CKT（中国昆山工厂）,上市时间: 2012年8月,/mc-strategy.html,
红旗,世纪星,STRATEGY,/images/product2_pic1.jpg,产品定位：高档舒适静音型轿车轮胎,轮辋：15”，16”，17”,"速度：H , V",SKU：12个,适合路况：高速公路，国道，省道，城市街道,制造地: CKT（中国昆山工厂）,上市时间: 2012年8月,/mc-strategy.html,
红旗 ,明仕,STRATEGY,/images/product2_pic1.jpg,产品定位：高档舒适静音型轿车轮胎,轮辋：15”，16”，17”,"速度：H , V",SKU：12个,适合路况：高速公路，国道，省道，城市街道,制造地: CKT（中国昆山工厂）,上市时间: 2012年8月,/mc-strategy.html,
斯柯达,明锐,STRATEGY,/images/product2_pic1.jpg,产品定位：高档舒适静音型轿车轮胎,轮辋：15”，16”，17”,"速度：H , V",SKU：12个,适合路况：高速公路，国道，省道，城市街道,制造地: CKT（中国昆山工厂）,上市时间: 2012年8月,/mc-strategy.html,
大众,宝来,STRATEGY,/images/product2_pic1.jpg,产品定位：高档舒适静音型轿车轮胎,轮辋：15”，16”，17”,"速度：H , V",SKU：12个,适合路况：高速公路，国道，省道，城市街道,制造地: CKT（中国昆山工厂）,上市时间: 2012年8月,/mc-strategy.html,
标致,307,STRATEGY,/images/product2_pic1.jpg,产品定位：高档舒适静音型轿车轮胎,轮辋：15”，16”，17”,"速度：H , V",SKU：12个,适合路况：高速公路，国道，省道，城市街道,制造地: CKT（中国昆山工厂）,上市时间: 2012年8月,/mc-strategy.html,
大众,高尔夫,STRATEGY,/images/product2_pic1.jpg,产品定位：高档舒适静音型轿车轮胎,轮辋：15”，16”，17”,"速度：H , V",SKU：12个,适合路况：高速公路，国道，省道，城市街道,制造地: CKT（中国昆山工厂）,上市时间: 2012年8月,/mc-strategy.html,
马自达,马自达3,STRATEGY,/images/product2_pic1.jpg,产品定位：高档舒适静音型轿车轮胎,轮辋：15”，16”，17”,"速度：H , V",SKU：12个,适合路况：高速公路，国道，省道，城市街道,制造地: CKT（中国昆山工厂）,上市时间: 2012年8月,/mc-strategy.html,
大众,途安 ,STRATEGY,/images/product2_pic1.jpg,产品定位：高档舒适静音型轿车轮胎,轮辋：15”，16”，17”,"速度：H , V",SKU：12个,适合路况：高速公路，国道，省道，城市街道,制造地: CKT（中国昆山工厂）,上市时间: 2012年8月,/mc-strategy.html,
雪佛兰,景程,STRATEGY,/images/product2_pic1.jpg,产品定位：高档舒适静音型轿车轮胎,轮辋：15”，16”，17”,"速度：H , V",SKU：12个,适合路况：高速公路，国道，省道，城市街道,制造地: CKT（中国昆山工厂）,上市时间: 2012年8月,/mc-strategy.html,
现代,索纳塔,STRATEGY,/images/product2_pic1.jpg,产品定位：高档舒适静音型轿车轮胎,轮辋：15”，16”，17”,"速度：H , V",SKU：12个,适合路况：高速公路，国道，省道，城市街道,制造地: CKT（中国昆山工厂）,上市时间: 2012年8月,/mc-strategy.html,
比亚迪,F6,STRATEGY,/images/product2_pic1.jpg,产品定位：高档舒适静音型轿车轮胎,轮辋：15”，16”，17”,"速度：H , V",SKU：12个,适合路况：高速公路，国道，省道，城市街道,制造地: CKT（中国昆山工厂）,上市时间: 2012年8月,/mc-strategy.html,
帝豪,EC715,STRATEGY,/images/product2_pic1.jpg,产品定位：高档舒适静音型轿车轮胎,轮辋：15”，16”，17”,"速度：H , V",SKU：12个,适合路况：高速公路，国道，省道，城市街道,制造地: CKT（中国昆山工厂）,上市时间: 2012年8月,/mc-strategy.html,
日产,御轩,STRATEGY,/images/product2_pic1.jpg,产品定位：高档舒适静音型轿车轮胎,轮辋：15”，16”，17”,"速度：H , V",SKU：12个,适合路况：高速公路，国道，省道，城市街道,制造地: CKT（中国昆山工厂）,上市时间: 2012年8月,/mc-strategy.html,
标致,408,STRATEGY,/images/product2_pic1.jpg,产品定位：高档舒适静音型轿车轮胎,轮辋：15”，16”，17”,"速度：H , V",SKU：12个,适合路况：高速公路，国道，省道，城市街道,制造地: CKT（中国昆山工厂）,上市时间: 2012年8月,/mc-strategy.html,
荣威,550/,STRATEGY,/images/product2_pic1.jpg,产品定位：高档舒适静音型轿车轮胎,轮辋：15”，16”，17”,"速度：H , V",SKU：12个,适合路况：高速公路，国道，省道，城市街道,制造地: CKT（中国昆山工厂）,上市时间: 2012年8月,/mc-strategy.html,
荣威,750,STRATEGY,/images/product2_pic1.jpg,产品定位：高档舒适静音型轿车轮胎,轮辋：15”，16”，17”,"速度：H , V",SKU：12个,适合路况：高速公路，国道，省道，城市街道,制造地: CKT（中国昆山工厂）,上市时间: 2012年8月,/mc-strategy.html,
大众,迈腾,STRATEGY,/images/product2_pic1.jpg,产品定位：高档舒适静音型轿车轮胎,轮辋：15”，16”，17”,"速度：H , V",SKU：12个,适合路况：高速公路，国道，省道，城市街道,制造地: CKT（中国昆山工厂）,上市时间: 2012年8月,/mc-strategy.html,
福特,蒙迪欧致胜,STRATEGY,/images/product2_pic1.jpg,产品定位：高档舒适静音型轿车轮胎,轮辋：15”，16”，17”,"速度：H , V",SKU：12个,适合路况：高速公路，国道，省道，城市街道,制造地: CKT（中国昆山工厂）,上市时间: 2012年8月,/mc-strategy.html,
宝马,3系,STRATEGY,/images/product2_pic1.jpg,产品定位：高档舒适静音型轿车轮胎,轮辋：15”，16”，17”,"速度：H , V",SKU：12个,适合路况：高速公路，国道，省道，城市街道,制造地: CKT（中国昆山工厂）,上市时间: 2012年8月,/mc-strategy.html,
大众,帕萨特,STRATEGY,/images/product2_pic1.jpg,产品定位：高档舒适静音型轿车轮胎,轮辋：15”，16”，17”,"速度：H , V",SKU：12个,适合路况：高速公路，国道，省道，城市街道,制造地: CKT（中国昆山工厂）,上市时间: 2012年8月,/mc-strategy.html,
马自达,马自达6,STRATEGY,/images/product2_pic1.jpg,产品定位：高档舒适静音型轿车轮胎,轮辋：15”，16”，17”,"速度：H , V",SKU：12个,适合路况：高速公路，国道，省道，城市街道,制造地: CKT（中国昆山工厂）,上市时间: 2012年8月,/mc-strategy.html,
现代,悦动,STRATEGY,/images/product2_pic1.jpg,产品定位：高档舒适静音型轿车轮胎,轮辋：15”，16”，17”,"速度：H , V",SKU：12个,适合路况：高速公路，国道，省道，城市街道,制造地: CKT（中国昆山工厂）,上市时间: 2012年8月,/mc-strategy.html,
起亚,福瑞迪 ,STRATEGY,/images/product2_pic1.jpg,产品定位：高档舒适静音型轿车轮胎,轮辋：15”，16”，17”,"速度：H , V",SKU：12个,适合路况：高速公路，国道，省道，城市街道,制造地: CKT（中国昆山工厂）,上市时间: 2012年8月,/mc-strategy.html,
奔驰,E200,STRATEGY,/images/product2_pic1.jpg,产品定位：高档舒适静音型轿车轮胎,轮辋：15”，16”，17”,"速度：H , V",SKU：12个,适合路况：高速公路，国道，省道，城市街道,制造地: CKT（中国昆山工厂）,上市时间: 2012年8月,/mc-strategy.html,
奔驰,E280,STRATEGY,/images/product2_pic1.jpg,产品定位：高档舒适静音型轿车轮胎,轮辋：15”，16”，17”,"速度：H , V",SKU：12个,适合路况：高速公路，国道，省道，城市街道,制造地: CKT（中国昆山工厂）,上市时间: 2012年8月,/mc-strategy.html,
奔驰,C240,STRATEGY,/images/product2_pic1.jpg,产品定位：高档舒适静音型轿车轮胎,轮辋：15”，16”，17”,"速度：H , V",SKU：12个,适合路况：高速公路，国道，省道，城市街道,制造地: CKT（中国昆山工厂）,上市时间: 2012年8月,/mc-strategy.html,
雷克萨斯,GS300,STRATEGY,/images/product2_pic1.jpg,产品定位：高档舒适静音型轿车轮胎,轮辋：15”，16”，17”,"速度：H , V",SKU：12个,适合路况：高速公路，国道，省道，城市街道,制造地: CKT（中国昆山工厂）,上市时间: 2012年8月,/mc-strategy.html,
奥迪,A6L,STRATEGY,/images/product2_pic1.jpg,产品定位：高档舒适静音型轿车轮胎,轮辋：15”，16”，17”,"速度：H , V",SKU：12个,适合路况：高速公路，国道，省道，城市街道,制造地: CKT（中国昆山工厂）,上市时间: 2012年8月,/mc-strategy.html,
别克,英朗,STRATEGY,/images/product2_pic1.jpg,产品定位：高档舒适静音型轿车轮胎,轮辋：15”，16”，17”,"速度：H , V",SKU：12个,适合路况：高速公路，国道，省道，城市街道,制造地: CKT（中国昆山工厂）,上市时间: 2012年8月,/mc-strategy.html,
马自达,睿翼,STRATEGY,/images/product2_pic1.jpg,产品定位：高档舒适静音型轿车轮胎,轮辋：15”，16”，17”,"速度：H , V",SKU：12个,适合路况：高速公路，国道，省道，城市街道,制造地: CKT（中国昆山工厂）,上市时间: 2012年8月,/mc-strategy.html,
雷诺,拉古娜,STRATEGY,/images/product2_pic1.jpg,产品定位：高档舒适静音型轿车轮胎,轮辋：15”，16”，17”,"速度：H , V",SKU：12个,适合路况：高速公路，国道，省道，城市街道,制造地: CKT（中国昆山工厂）,上市时间: 2012年8月,/mc-strategy.html,
雪佛兰,科鲁兹 ,STRATEGY,/images/product2_pic1.jpg,产品定位：高档舒适静音型轿车轮胎,轮辋：15”，16”，17”,"速度：H , V",SKU：12个,适合路况：高速公路，国道，省道，城市街道,制造地: CKT（中国昆山工厂）,上市时间: 2012年8月,/mc-strategy.html,
丰田,凯美瑞,STRATEGY,/images/product2_pic1.jpg,产品定位：高档舒适静音型轿车轮胎,轮辋：15”，16”，17”,"速度：H , V",SKU：12个,适合路况：高速公路，国道，省道，城市街道,制造地: CKT（中国昆山工厂）,上市时间: 2012年8月,/mc-strategy.html,
丰田,锐志,STRATEGY,/images/product2_pic1.jpg,产品定位：高档舒适静音型轿车轮胎,轮辋：15”，16”，17”,"速度：H , V",SKU：12个,适合路况：高速公路，国道，省道，城市街道,制造地: CKT（中国昆山工厂）,上市时间: 2012年8月,/mc-strategy.html,
本田,奥德赛,STRATEGY,/images/product2_pic1.jpg,产品定位：高档舒适静音型轿车轮胎,轮辋：15”，16”，17”,"速度：H , V",SKU：12个,适合路况：高速公路，国道，省道，城市街道,制造地: CKT（中国昆山工厂）,上市时间: 2012年8月,/mc-strategy.html,
本田,雅阁,STRATEGY,/images/product2_pic1.jpg,产品定位：高档舒适静音型轿车轮胎,轮辋：15”，16”，17”,"速度：H , V",SKU：12个,适合路况：高速公路，国道，省道，城市街道,制造地: CKT（中国昆山工厂）,上市时间: 2012年8月,/mc-strategy.html,
福特,麦克斯,STRATEGY,/images/product2_pic1.jpg,产品定位：高档舒适静音型轿车轮胎,轮辋：15”，16”，17”,"速度：H , V",SKU：12个,适合路况：高速公路，国道，省道，城市街道,制造地: CKT（中国昆山工厂）,上市时间: 2012年8月,/mc-strategy.html,
欧宝,威达 ,STRATEGY,/images/product2_pic1.jpg,产品定位：高档舒适静音型轿车轮胎,轮辋：15”，16”，17”,"速度：H , V",SKU：12个,适合路况：高速公路，国道，省道，城市街道,制造地: CKT（中国昆山工厂）,上市时间: 2012年8月,/mc-strategy.html,
荣威,750,STRATEGY,/images/product2_pic1.jpg,产品定位：高档舒适静音型轿车轮胎,轮辋：15”，16”，17”,"速度：H , V",SKU：12个,适合路况：高速公路，国道，省道，城市街道,制造地: CKT（中国昆山工厂）,上市时间: 2012年8月,/mc-strategy.html,
丰田,皇冠,STRATEGY,/images/product2_pic1.jpg,产品定位：高档舒适静音型轿车轮胎,轮辋：15”，16”，17”,"速度：H , V",SKU：12个,适合路况：高速公路，国道，省道，城市街道,制造地: CKT（中国昆山工厂）,上市时间: 2012年8月,/mc-strategy.html,
丰田,锐志,STRATEGY,/images/product2_pic1.jpg,产品定位：高档舒适静音型轿车轮胎,轮辋：15”，16”，17”,"速度：H , V",SKU：12个,适合路况：高速公路，国道，省道，城市街道,制造地: CKT（中国昆山工厂）,上市时间: 2012年8月,/mc-strategy.html,
日产,天籁,STRATEGY,/images/product2_pic1.jpg,产品定位：高档舒适静音型轿车轮胎,轮辋：15”，16”，17”,"速度：H , V",SKU：12个,适合路况：高速公路，国道，省道，城市街道,制造地: CKT（中国昆山工厂）,上市时间: 2012年8月,/mc-strategy.html,
标致,407,STRATEGY,/images/product2_pic1.jpg,产品定位：高档舒适静音型轿车轮胎,轮辋：15”，16”，17”,"速度：H , V",SKU：12个,适合路况：高速公路，国道，省道，城市街道,制造地: CKT（中国昆山工厂）,上市时间: 2012年8月,/mc-strategy.html,
奥迪,A6,STRATEGY,/images/product2_pic1.jpg,产品定位：高档舒适静音型轿车轮胎,轮辋：15”，16”，17”,"速度：H , V",SKU：12个,适合路况：高速公路，国道，省道，城市街道,制造地: CKT（中国昆山工厂）,上市时间: 2012年8月,/mc-strategy.html,
奥迪,A4L,STRATEGY,/images/product2_pic1.jpg,产品定位：高档舒适静音型轿车轮胎,轮辋：15”，16”，17”,"速度：H , V",SKU：12个,适合路况：高速公路，国道，省道，城市街道,制造地: CKT（中国昆山工厂）,上市时间: 2012年8月,/mc-strategy.html,
奥迪,A5,STRATEGY,/images/product2_pic1.jpg,产品定位：高档舒适静音型轿车轮胎,轮辋：15”，16”，17”,"速度：H , V",SKU：12个,适合路况：高速公路，国道，省道，城市街道,制造地: CKT（中国昆山工厂）,上市时间: 2012年8月,/mc-strategy.html,
宝马,5系,STRATEGY,/images/product2_pic1.jpg,产品定位：高档舒适静音型轿车轮胎,轮辋：15”，16”，17”,"速度：H , V",SKU：12个,适合路况：高速公路，国道，省道，城市街道,制造地: CKT（中国昆山工厂）,上市时间: 2012年8月,/mc-strategy.html,
雷克萨斯,GS,STRATEGY,/images/product2_pic1.jpg,产品定位：高档舒适静音型轿车轮胎,轮辋：15”，16”，17”,"速度：H , V",SKU：12个,适合路况：高速公路，国道，省道，城市街道,制造地: CKT（中国昆山工厂）,上市时间: 2012年8月,/mc-strategy.html,
标致,207,MC-440,/images/product_pic1.jpg,产品定位：高档均衡型轿车轮胎,轮辋：14”，15”，16”，17”,"速度：H , V",SKU：22个,适合路况：高速公路，国道，省道，城市街道,制造地: CCT（中国成山工厂）,上市时间: 2012年8月,/mc-440.html,
长城,哈弗M,MC-440,/images/product_pic1.jpg,产品定位：高档均衡型轿车轮胎,轮辋：14”，15”，16”，17”,"速度：H , V",SKU：22个,适合路况：高速公路，国道，省道，城市街道,制造地: CCT（中国成山工厂）,上市时间: 2012年8月,/mc-440.html,
三菱,蓝瑟,MC-440,/images/product_pic1.jpg,产品定位：高档均衡型轿车轮胎,轮辋：14”，15”，16”，17”,"速度：H , V",SKU：22个,适合路况：高速公路，国道，省道，城市街道,制造地: CCT（中国成山工厂）,上市时间: 2012年8月,/mc-440.html,
东南,菱悦,MC-440,/images/product_pic1.jpg,产品定位：高档均衡型轿车轮胎,轮辋：14”，15”，16”，17”,"速度：H , V",SKU：22个,适合路况：高速公路，国道，省道，城市街道,制造地: CCT（中国成山工厂）,上市时间: 2012年8月,/mc-440.html,
起亚,锐欧 ,MC-440,/images/product_pic1.jpg,产品定位：高档均衡型轿车轮胎,轮辋：14”，15”，16”，17”,"速度：H , V",SKU：22个,适合路况：高速公路，国道，省道，城市街道,制造地: CCT（中国成山工厂）,上市时间: 2012年8月,/mc-440.html,
大众,桑塔纳,MC-440,/images/product_pic1.jpg,产品定位：高档均衡型轿车轮胎,轮辋：14”，15”，16”，17”,"速度：H , V",SKU：22个,适合路况：高速公路，国道，省道，城市街道,制造地: CCT（中国成山工厂）,上市时间: 2012年8月,/mc-440.html,
大众,桑塔纳3000,MC-440,/images/product_pic1.jpg,产品定位：高档均衡型轿车轮胎,轮辋：14”，15”，16”，17”,"速度：H , V",SKU：22个,适合路况：高速公路，国道，省道，城市街道,制造地: CCT（中国成山工厂）,上市时间: 2012年8月,/mc-440.html,
大众,桑塔纳旅行车,MC-440,/images/product_pic1.jpg,产品定位：高档均衡型轿车轮胎,轮辋：14”，15”，16”，17”,"速度：H , V",SKU：22个,适合路况：高速公路，国道，省道，城市街道,制造地: CCT（中国成山工厂）,上市时间: 2012年8月,/mc-440.html,
大众,桑塔纳志俊 ,MC-440,/images/product_pic1.jpg,产品定位：高档均衡型轿车轮胎,轮辋：14”，15”，16”，17”,"速度：H , V",SKU：22个,适合路况：高速公路，国道，省道，城市街道,制造地: CCT（中国成山工厂）,上市时间: 2012年8月,/mc-440.html,
现代,伊兰特,MC-440,/images/product_pic1.jpg,产品定位：高档均衡型轿车轮胎,轮辋：14”，15”，16”，17”,"速度：H , V",SKU：22个,适合路况：高速公路，国道，省道，城市街道,制造地: CCT（中国成山工厂）,上市时间: 2012年8月,/mc-440.html,
现代,悦动,MC-440,/images/product_pic1.jpg,产品定位：高档均衡型轿车轮胎,轮辋：14”，15”，16”，17”,"速度：H , V",SKU：22个,适合路况：高速公路，国道，省道，城市街道,制造地: CCT（中国成山工厂）,上市时间: 2012年8月,/mc-440.html,
日产,骐达,MC-440,/images/product_pic1.jpg,产品定位：高档均衡型轿车轮胎,轮辋：14”，15”，16”，17”,"速度：H , V",SKU：22个,适合路况：高速公路，国道，省道，城市街道,制造地: CCT（中国成山工厂）,上市时间: 2012年8月,/mc-440.html,
雪铁龙,毕加索,MC-440,/images/product_pic1.jpg,产品定位：高档均衡型轿车轮胎,轮辋：14”，15”，16”，17”,"速度：H , V",SKU：22个,适合路况：高速公路，国道，省道，城市街道,制造地: CCT（中国成山工厂）,上市时间: 2012年8月,/mc-440.html,
大众,POLO,MC-440,/images/product_pic1.jpg,产品定位：高档均衡型轿车轮胎,轮辋：14”，15”，16”，17”,"速度：H , V",SKU：22个,适合路况：高速公路，国道，省道，城市街道,制造地: CCT（中国成山工厂）,上市时间: 2012年8月,/mc-440.html,
海马,海马3,MC-440,/images/product_pic1.jpg,产品定位：高档均衡型轿车轮胎,轮辋：14”，15”，16”，17”,"速度：H , V",SKU：22个,适合路况：高速公路，国道，省道，城市街道,制造地: CCT（中国成山工厂）,上市时间: 2012年8月,/mc-440.html,
奇瑞,A520,MC-440,/images/product_pic1.jpg,产品定位：高档均衡型轿车轮胎,轮辋：14”，15”，16”，17”,"速度：H , V",SKU：22个,适合路况：高速公路，国道，省道，城市街道,制造地: CCT（中国成山工厂）,上市时间: 2012年8月,/mc-440.html,
别克,凯越,MC-440,/images/product_pic1.jpg,产品定位：高档均衡型轿车轮胎,轮辋：14”，15”，16”，17”,"速度：H , V",SKU：22个,适合路况：高速公路，国道，省道，城市街道,制造地: CCT（中国成山工厂）,上市时间: 2012年8月,/mc-440.html,
斯柯达,晶锐,MC-440,/images/product_pic1.jpg,产品定位：高档均衡型轿车轮胎,轮辋：14”，15”，16”，17”,"速度：H , V",SKU：22个,适合路况：高速公路，国道，省道，城市街道,制造地: CCT（中国成山工厂）,上市时间: 2012年8月,/mc-440.html,
丰田,花冠,MC-440,/images/product_pic1.jpg,产品定位：高档均衡型轿车轮胎,轮辋：14”，15”，16”，17”,"速度：H , V",SKU：22个,适合路况：高速公路，国道，省道，城市街道,制造地: CCT（中国成山工厂）,上市时间: 2012年8月,/mc-440.html,
起亚,赛拉图,MC-440,/images/product_pic1.jpg,产品定位：高档均衡型轿车轮胎,轮辋：14”，15”，16”，17”,"速度：H , V",SKU：22个,适合路况：高速公路，国道，省道，城市街道,制造地: CCT（中国成山工厂）,上市时间: 2012年8月,/mc-440.html,
莲花,L3,MC-440,/images/product_pic1.jpg,产品定位：高档均衡型轿车轮胎,轮辋：14”，15”，16”，17”,"速度：H , V",SKU：22个,适合路况：高速公路，国道，省道，城市街道,制造地: CCT（中国成山工厂）,上市时间: 2012年8月,/mc-440.html,
众泰,梦迪博朗,MC-440,/images/product_pic1.jpg,产品定位：高档均衡型轿车轮胎,轮辋：14”，15”，16”，17”,"速度：H , V",SKU：22个,适合路况：高速公路，国道，省道，城市街道,制造地: CCT（中国成山工厂）,上市时间: 2012年8月,/mc-440.html,
比亚迪,F3,MC-440,/images/product_pic1.jpg,产品定位：高档均衡型轿车轮胎,轮辋：14”，15”，16”，17”,"速度：H , V",SKU：22个,适合路况：高速公路，国道，省道，城市街道,制造地: CCT（中国成山工厂）,上市时间: 2012年8月,/mc-440.html,
吉利,远景,MC-440,/images/product_pic1.jpg,产品定位：高档均衡型轿车轮胎,轮辋：14”，15”，16”，17”,"速度：H , V",SKU：22个,适合路况：高速公路，国道，省道，城市街道,制造地: CCT（中国成山工厂）,上市时间: 2012年8月,/mc-440.html,
力帆,620,MC-440,/images/product_pic1.jpg,产品定位：高档均衡型轿车轮胎,轮辋：14”，15”，16”，17”,"速度：H , V",SKU：22个,适合路况：高速公路，国道，省道，城市街道,制造地: CCT（中国成山工厂）,上市时间: 2012年8月,/mc-440.html,
风神,S30 ,MC-440,/images/product_pic1.jpg,产品定位：高档均衡型轿车轮胎,轮辋：14”，15”，16”，17”,"速度：H , V",SKU：22个,适合路况：高速公路，国道，省道，城市街道,制造地: CCT（中国成山工厂）,上市时间: 2012年8月,/mc-440.html,
马自达,马自达3,MC-440,/images/product_pic1.jpg,产品定位：高档均衡型轿车轮胎,轮辋：14”，15”，16”，17”,"速度：H , V",SKU：22个,适合路况：高速公路，国道，省道，城市街道,制造地: CCT（中国成山工厂）,上市时间: 2012年8月,/mc-440.html,
大众,帕萨特领驭,MC-440,/images/product_pic1.jpg,产品定位：高档均衡型轿车轮胎,轮辋：14”，15”，16”，17”,"速度：H , V",SKU：22个,适合路况：高速公路，国道，省道，城市街道,制造地: CCT（中国成山工厂）,上市时间: 2012年8月,/mc-440.html,
大众,宝来,MC-440,/images/product_pic1.jpg,产品定位：高档均衡型轿车轮胎,轮辋：14”，15”，16”，17”,"速度：H , V",SKU：22个,适合路况：高速公路，国道，省道，城市街道,制造地: CCT（中国成山工厂）,上市时间: 2012年8月,/mc-440.html,
福特,福克斯,MC-440,/images/product_pic1.jpg,产品定位：高档均衡型轿车轮胎,轮辋：14”，15”，16”，17”,"速度：H , V",SKU：22个,适合路况：高速公路，国道，省道，城市街道,制造地: CCT（中国成山工厂）,上市时间: 2012年8月,/mc-440.html,
标致,307,MC-440,/images/product_pic1.jpg,产品定位：高档均衡型轿车轮胎,轮辋：14”，15”，16”，17”,"速度：H , V",SKU：22个,适合路况：高速公路，国道，省道，城市街道,制造地: CCT（中国成山工厂）,上市时间: 2012年8月,/mc-440.html,
大众,高尔夫,MC-440,/images/product_pic1.jpg,产品定位：高档均衡型轿车轮胎,轮辋：14”，15”，16”，17”,"速度：H , V",SKU：22个,适合路况：高速公路，国道，省道，城市街道,制造地: CCT（中国成山工厂）,上市时间: 2012年8月,/mc-440.html,
大众,朗逸,MC-440,/images/product_pic1.jpg,产品定位：高档均衡型轿车轮胎,轮辋：14”，15”，16”，17”,"速度：H , V",SKU：22个,适合路况：高速公路，国道，省道，城市街道,制造地: CCT（中国成山工厂）,上市时间: 2012年8月,/mc-440.html,
斯柯达,明锐,MC-440,/images/product_pic1.jpg,产品定位：高档均衡型轿车轮胎,轮辋：14”，15”，16”，17”,"速度：H , V",SKU：22个,适合路况：高速公路，国道，省道，城市街道,制造地: CCT（中国成山工厂）,上市时间: 2012年8月,/mc-440.html,
大众,途安,MC-440,/images/product_pic1.jpg,产品定位：高档均衡型轿车轮胎,轮辋：14”，15”，16”，17”,"速度：H , V",SKU：22个,适合路况：高速公路，国道，省道，城市街道,制造地: CCT（中国成山工厂）,上市时间: 2012年8月,/mc-440.html,
日产,蓝鸟,MC-440,/images/product_pic1.jpg,产品定位：高档均衡型轿车轮胎,轮辋：14”，15”，16”，17”,"速度：H , V",SKU：22个,适合路况：高速公路，国道，省道，城市街道,制造地: CCT（中国成山工厂）,上市时间: 2012年8月,/mc-440.html,
起亚,远舰,MC-440,/images/product_pic1.jpg,产品定位：高档均衡型轿车轮胎,轮辋：14”，15”，16”，17”,"速度：H , V",SKU：22个,适合路况：高速公路，国道，省道，城市街道,制造地: CCT（中国成山工厂）,上市时间: 2012年8月,/mc-440.html,
红旗,世纪星,MC-440,/images/product_pic1.jpg,产品定位：高档均衡型轿车轮胎,轮辋：14”，15”，16”，17”,"速度：H , V",SKU：22个,适合路况：高速公路，国道，省道，城市街道,制造地: CCT（中国成山工厂）,上市时间: 2012年8月,/mc-440.html,
红旗,明仕 ,MC-440,/images/product_pic1.jpg,产品定位：高档均衡型轿车轮胎,轮辋：14”，15”，16”，17”,"速度：H , V",SKU：22个,适合路况：高速公路，国道，省道，城市街道,制造地: CCT（中国成山工厂）,上市时间: 2012年8月,/mc-440.html,
现代,君爵,MC-440,/images/product_pic1.jpg,产品定位：高档均衡型轿车轮胎,轮辋：14”，15”，16”，17”,"速度：H , V",SKU：22个,适合路况：高速公路，国道，省道，城市街道,制造地: CCT（中国成山工厂）,上市时间: 2012年8月,/mc-440.html,
现代,索纳塔 ,MC-440,/images/product_pic1.jpg,产品定位：高档均衡型轿车轮胎,轮辋：14”，15”，16”，17”,"速度：H , V",SKU：22个,适合路况：高速公路，国道，省道，城市街道,制造地: CCT（中国成山工厂）,上市时间: 2012年8月,/mc-440.html,
丰田,凯美瑞,MC-440,/images/product_pic1.jpg,产品定位：高档均衡型轿车轮胎,轮辋：14”，15”，16”，17”,"速度：H , V",SKU：22个,适合路况：高速公路，国道，省道，城市街道,制造地: CCT（中国成山工厂）,上市时间: 2012年8月,/mc-440.html,
本田,雅阁,MC-440,/images/product_pic1.jpg,产品定位：高档均衡型轿车轮胎,轮辋：14”，15”，16”，17”,"速度：H , V",SKU：22个,适合路况：高速公路，国道，省道，城市街道,制造地: CCT（中国成山工厂）,上市时间: 2012年8月,/mc-440.html,
雪佛兰,新景程,MC-440,/images/product_pic1.jpg,产品定位：高档均衡型轿车轮胎,轮辋：14”，15”，16”，17”,"速度：H , V",SKU：22个,适合路况：高速公路，国道，省道，城市街道,制造地: CCT（中国成山工厂）,上市时间: 2012年8月,/mc-440.html,
雪佛兰,科鲁兹,MC-440,/images/product_pic1.jpg,产品定位：高档均衡型轿车轮胎,轮辋：14”，15”，16”，17”,"速度：H , V",SKU：22个,适合路况：高速公路，国道，省道，城市街道,制造地: CCT（中国成山工厂）,上市时间: 2012年8月,/mc-440.html,
保时捷,CARERA GT3,MC-440,/images/product_pic1.jpg,产品定位：高档均衡型轿车轮胎,轮辋：14”，15”，16”，17”,"速度：H , V",SKU：22个,适合路况：高速公路，国道，省道，城市街道,制造地: CCT（中国成山工厂）,上市时间: 2012年8月,/mc-440.html,
雷诺,风景2.0,MC-440,/images/product_pic1.jpg,产品定位：高档均衡型轿车轮胎,轮辋：14”，15”，16”，17”,"速度：H , V",SKU：22个,适合路况：高速公路，国道，省道，城市街道,制造地: CCT（中国成山工厂）,上市时间: 2012年8月,/mc-440.html,
马自达,MX-5 2.0,MC-440,/images/product_pic1.jpg,产品定位：高档均衡型轿车轮胎,轮辋：14”，15”，16”，17”,"速度：H , V",SKU：22个,适合路况：高速公路，国道，省道，城市街道,制造地: CCT（中国成山工厂）,上市时间: 2012年8月,/mc-440.html,
明爵,明爵3   1.8L ,MC-440,/images/product_pic1.jpg,产品定位：高档均衡型轿车轮胎,轮辋：14”，15”，16”，17”,"速度：H , V",SKU：22个,适合路况：高速公路，国道，省道，城市街道,制造地: CCT（中国成山工厂）,上市时间: 2012年8月,/mc-440.html,
现代,伊兰特1.8L,MC-440,/images/product_pic1.jpg,产品定位：高档均衡型轿车轮胎,轮辋：14”，15”，16”，17”,"速度：H , V",SKU：22个,适合路况：高速公路，国道，省道，城市街道,制造地: CCT（中国成山工厂）,上市时间: 2012年8月,/mc-440.html,
起亚,赛拉图1.6L,MC-440,/images/product_pic1.jpg,产品定位：高档均衡型轿车轮胎,轮辋：14”，15”，16”，17”,"速度：H , V",SKU：22个,适合路况：高速公路，国道，省道，城市街道,制造地: CCT（中国成山工厂）,上市时间: 2012年8月,/mc-440.html,
起亚,赛拉图1.8L,MC-440,/images/product_pic1.jpg,产品定位：高档均衡型轿车轮胎,轮辋：14”，15”，16”，17”,"速度：H , V",SKU：22个,适合路况：高速公路，国道，省道，城市街道,制造地: CCT（中国成山工厂）,上市时间: 2012年8月,/mc-440.html,
海马 ,欢动1.6L,MC-440,/images/product_pic1.jpg,产品定位：高档均衡型轿车轮胎,轮辋：14”，15”，16”，17”,"速度：H , V",SKU：22个,适合路况：高速公路，国道，省道，城市街道,制造地: CCT（中国成山工厂）,上市时间: 2012年8月,/mc-440.html,
海马,欢动1.8L,MC-440,/images/product_pic1.jpg,产品定位：高档均衡型轿车轮胎,轮辋：14”，15”，16”，17”,"速度：H , V",SKU：22个,适合路况：高速公路，国道，省道，城市街道,制造地: CCT（中国成山工厂）,上市时间: 2012年8月,/mc-440.html,
福特,福克斯,MC-440,/images/product_pic1.jpg,产品定位：高档均衡型轿车轮胎,轮辋：14”，15”，16”，17”,"速度：H , V",SKU：22个,适合路况：高速公路，国道，省道，城市街道,制造地: CCT（中国成山工厂）,上市时间: 2012年8月,/mc-440.html,
大众,宝来,MC-440,/images/product_pic1.jpg,产品定位：高档均衡型轿车轮胎,轮辋：14”，15”，16”，17”,"速度：H , V",SKU：22个,适合路况：高速公路，国道，省道，城市街道,制造地: CCT（中国成山工厂）,上市时间: 2012年8月,/mc-440.html,
大众,高尔夫,MC-440,/images/product_pic1.jpg,产品定位：高档均衡型轿车轮胎,轮辋：14”，15”，16”，17”,"速度：H , V",SKU：22个,适合路况：高速公路，国道，省道，城市街道,制造地: CCT（中国成山工厂）,上市时间: 2012年8月,/mc-440.html,
大众,帕萨特,MC-440,/images/product_pic1.jpg,产品定位：高档均衡型轿车轮胎,轮辋：14”，15”，16”，17”,"速度：H , V",SKU：22个,适合路况：高速公路，国道，省道，城市街道,制造地: CCT（中国成山工厂）,上市时间: 2012年8月,/mc-440.html,
奥迪,A6 ,MC-440,/images/product_pic1.jpg,产品定位：高档均衡型轿车轮胎,轮辋：14”，15”，16”，17”,"速度：H , V",SKU：22个,适合路况：高速公路，国道，省道，城市街道,制造地: CCT（中国成山工厂）,上市时间: 2012年8月,/mc-440.html,
宝马,3系,MC-440,/images/product_pic1.jpg,产品定位：高档均衡型轿车轮胎,轮辋：14”，15”，16”，17”,"速度：H , V",SKU：22个,适合路况：高速公路，国道，省道，城市街道,制造地: CCT（中国成山工厂）,上市时间: 2012年8月,/mc-440.html,
大众,朗逸,MC-440,/images/product_pic1.jpg,产品定位：高档均衡型轿车轮胎,轮辋：14”，15”，16”，17”,"速度：H , V",SKU：22个,适合路况：高速公路，国道，省道，城市街道,制造地: CCT（中国成山工厂）,上市时间: 2012年8月,/mc-440.html,
马自达,马自达6,MC-440,/images/product_pic1.jpg,产品定位：高档均衡型轿车轮胎,轮辋：14”，15”，16”，17”,"速度：H , V",SKU：22个,适合路况：高速公路，国道，省道，城市街道,制造地: CCT（中国成山工厂）,上市时间: 2012年8月,/mc-440.html,
斯柯达,明锐,MC-440,/images/product_pic1.jpg,产品定位：高档均衡型轿车轮胎,轮辋：14”，15”，16”，17”,"速度：H , V",SKU：22个,适合路况：高速公路，国道，省道，城市街道,制造地: CCT（中国成山工厂）,上市时间: 2012年8月,/mc-440.html,
雪佛兰,科鲁兹 1.8,MC-440,/images/product_pic1.jpg,产品定位：高档均衡型轿车轮胎,轮辋：14”，15”，16”，17”,"速度：H , V",SKU：22个,适合路况：高速公路，国道，省道，城市街道,制造地: CCT（中国成山工厂）,上市时间: 2012年8月,/mc-440.html,
现代,索纳塔 2.0GLS,MC-440,/images/product_pic1.jpg,产品定位：高档均衡型轿车轮胎,轮辋：14”，15”，16”，17”,"速度：H , V",SKU：22个,适合路况：高速公路，国道，省道，城市街道,制造地: CCT（中国成山工厂）,上市时间: 2012年8月,/mc-440.html,
现代,索纳塔 2.7,MC-440,/images/product_pic1.jpg,产品定位：高档均衡型轿车轮胎,轮辋：14”，15”，16”，17”,"速度：H , V",SKU：22个,适合路况：高速公路，国道，省道，城市街道,制造地: CCT（中国成山工厂）,上市时间: 2012年8月,/mc-440.html,
铃木 ,天语SX4,MC-440,/images/product_pic1.jpg,产品定位：高档均衡型轿车轮胎,轮辋：14”，15”，16”，17”,"速度：H , V",SKU：22个,适合路况：高速公路，国道，省道，城市街道,制造地: CCT（中国成山工厂）,上市时间: 2012年8月,/mc-440.html,
本田,雅阁3.0,MC-440,/images/product_pic1.jpg,产品定位：高档均衡型轿车轮胎,轮辋：14”，15”，16”，17”,"速度：H , V",SKU：22个,适合路况：高速公路，国道，省道，城市街道,制造地: CCT（中国成山工厂）,上市时间: 2012年8月,/mc-440.html,
马自达,睿翼 2.5L,MC-440,/images/product_pic1.jpg,产品定位：高档均衡型轿车轮胎,轮辋：14”，15”，16”，17”,"速度：H , V",SKU：22个,适合路况：高速公路，国道，省道，城市街道,制造地: CCT（中国成山工厂）,上市时间: 2012年8月,/mc-440.html,
三菱,翼神1.8L,MC-440,/images/product_pic1.jpg,产品定位：高档均衡型轿车轮胎,轮辋：14”，15”，16”，17”,"速度：H , V",SKU：22个,适合路况：高速公路，国道，省道，城市街道,制造地: CCT（中国成山工厂）,上市时间: 2012年8月,/mc-440.html,
雷诺,拉古娜,MC-440,/images/product_pic1.jpg,产品定位：高档均衡型轿车轮胎,轮辋：14”，15”，16”，17”,"速度：H , V",SKU：22个,适合路况：高速公路，国道，省道，城市街道,制造地: CCT（中国成山工厂）,上市时间: 2012年8月,/mc-440.html,
本田,雅阁,MC-440,/images/product_pic1.jpg,产品定位：高档均衡型轿车轮胎,轮辋：14”，15”，16”，17”,"速度：H , V",SKU：22个,适合路况：高速公路，国道，省道，城市街道,制造地: CCT（中国成山工厂）,上市时间: 2012年8月,/mc-440.html,
现代,索纳塔 ,MC-440,/images/product_pic1.jpg,产品定位：高档均衡型轿车轮胎,轮辋：14”，15”，16”，17”,"速度：H , V",SKU：22个,适合路况：高速公路，国道，省道，城市街道,制造地: CCT（中国成山工厂）,上市时间: 2012年8月,/mc-440.html,
现代,御翔2.4,MC-440,/images/product_pic1.jpg,产品定位：高档均衡型轿车轮胎,轮辋：14”，15”，16”，17”,"速度：H , V",SKU：22个,适合路况：高速公路，国道，省道，城市街道,制造地: CCT（中国成山工厂）,上市时间: 2012年8月,/mc-440.html,
福特,蒙迪欧-致胜2.0,MC-440,/images/product_pic1.jpg,产品定位：高档均衡型轿车轮胎,轮辋：14”，15”，16”，17”,"速度：H , V",SKU：22个,适合路况：高速公路，国道，省道，城市街道,制造地: CCT（中国成山工厂）,上市时间: 2012年8月,/mc-440.html,
帝豪,EC718 1.8L,MC-440,/images/product_pic1.jpg,产品定位：高档均衡型轿车轮胎,轮辋：14”，15”，16”，17”,"速度：H , V",SKU：22个,适合路况：高速公路，国道，省道，城市街道,制造地: CCT（中国成山工厂）,上市时间: 2012年8月,/mc-440.html,
雪铁龙,C4毕加索2.0 ,MC-440,/images/product_pic1.jpg,产品定位：高档均衡型轿车轮胎,轮辋：14”，15”，16”，17”,"速度：H , V",SKU：22个,适合路况：高速公路，国道，省道，城市街道,制造地: CCT（中国成山工厂）,上市时间: 2012年8月,/mc-440.html,
大众,帕萨特B6 2.0T ,MC-440,/images/product_pic1.jpg,产品定位：高档均衡型轿车轮胎,轮辋：14”，15”，16”，17”,"速度：H , V",SKU：22个,适合路况：高速公路，国道，省道，城市街道,制造地: CCT（中国成山工厂）,上市时间: 2012年8月,/mc-440.html,
雷克萨斯,ES300,MC-440,/images/product_pic1.jpg,产品定位：高档均衡型轿车轮胎,轮辋：14”，15”，16”，17”,"速度：H , V",SKU：22个,适合路况：高速公路，国道，省道，城市街道,制造地: CCT（中国成山工厂）,上市时间: 2012年8月,/mc-440.html,
三菱,欧兰德,MC-440,/images/product_pic1.jpg,产品定位：高档均衡型轿车轮胎,轮辋：14”，15”，16”，17”,"速度：H , V",SKU：22个,适合路况：高速公路，国道，省道，城市街道,制造地: CCT（中国成山工厂）,上市时间: 2012年8月,/mc-440.html,
丰田,凯美瑞,MC-440,/images/product_pic1.jpg,产品定位：高档均衡型轿车轮胎,轮辋：14”，15”，16”，17”,"速度：H , V",SKU：22个,适合路况：高速公路，国道，省道，城市街道,制造地: CCT（中国成山工厂）,上市时间: 2012年8月,/mc-440.html,
现代,御翔,MC-440,/images/product_pic1.jpg,产品定位：高档均衡型轿车轮胎,轮辋：14”，15”，16”，17”,"速度：H , V",SKU：22个,适合路况：高速公路，国道，省道，城市街道,制造地: CCT（中国成山工厂）,上市时间: 2012年8月,/mc-440.html,
现代,领翔,MC-440,/images/product_pic1.jpg,产品定位：高档均衡型轿车轮胎,轮辋：14”，15”，16”，17”,"速度：H , V",SKU：22个,适合路况：高速公路，国道，省道，城市街道,制造地: CCT（中国成山工厂）,上市时间: 2012年8月,/mc-440.html,
奔驰,SLK200,MC-440,/images/product_pic1.jpg,产品定位：高档均衡型轿车轮胎,轮辋：14”，15”，16”，17”,"速度：H , V",SKU：22个,适合路况：高速公路，国道，省道，城市街道,制造地: CCT（中国成山工厂）,上市时间: 2012年8月,/mc-440.html,
奔驰,230,MC-440,/images/product_pic1.jpg,产品定位：高档均衡型轿车轮胎,轮辋：14”，15”，16”，17”,"速度：H , V",SKU：22个,适合路况：高速公路，国道，省道，城市街道,制造地: CCT（中国成山工厂）,上市时间: 2012年8月,/mc-440.html,
奔驰,CLK240,MC-440,/images/product_pic1.jpg,产品定位：高档均衡型轿车轮胎,轮辋：14”，15”，16”，17”,"速度：H , V",SKU：22个,适合路况：高速公路，国道，省道，城市街道,制造地: CCT（中国成山工厂）,上市时间: 2012年8月,/mc-440.html,
宝马,Z3 V6 2.2I,MC-440,/images/product_pic1.jpg,产品定位：高档均衡型轿车轮胎,轮辋：14”，15”，16”，17”,"速度：H , V",SKU：22个,适合路况：高速公路，国道，省道，城市街道,制造地: CCT（中国成山工厂）,上市时间: 2012年8月,/mc-440.html,
雷克萨斯,GS300,MC-440,/images/product_pic1.jpg,产品定位：高档均衡型轿车轮胎,轮辋：14”，15”，16”，17”,"速度：H , V",SKU：22个,适合路况：高速公路，国道，省道，城市街道,制造地: CCT（中国成山工厂）,上市时间: 2012年8月,/mc-440.html,
雷克萨斯,GS430,MC-440,/images/product_pic1.jpg,产品定位：高档均衡型轿车轮胎,轮辋：14”，15”，16”，17”,"速度：H , V",SKU：22个,适合路况：高速公路，国道，省道，城市街道,制造地: CCT（中国成山工厂）,上市时间: 2012年8月,/mc-440.html,
奔驰,C240,MC-440,/images/product_pic1.jpg,产品定位：高档均衡型轿车轮胎,轮辋：14”，15”，16”，17”,"速度：H , V",SKU：22个,适合路况：高速公路，国道，省道，城市街道,制造地: CCT（中国成山工厂）,上市时间: 2012年8月,/mc-440.html,
奔驰,E200,MC-440,/images/product_pic1.jpg,产品定位：高档均衡型轿车轮胎,轮辋：14”，15”，16”，17”,"速度：H , V",SKU：22个,适合路况：高速公路，国道，省道，城市街道,制造地: CCT（中国成山工厂）,上市时间: 2012年8月,/mc-440.html,
奔驰,E240,MC-440,/images/product_pic1.jpg,产品定位：高档均衡型轿车轮胎,轮辋：14”，15”，16”，17”,"速度：H , V",SKU：22个,适合路况：高速公路，国道，省道，城市街道,制造地: CCT（中国成山工厂）,上市时间: 2012年8月,/mc-440.html,
奔驰,E280,MC-440,/images/product_pic1.jpg,产品定位：高档均衡型轿车轮胎,轮辋：14”，15”，16”，17”,"速度：H , V",SKU：22个,适合路况：高速公路，国道，省道，城市街道,制造地: CCT（中国成山工厂）,上市时间: 2012年8月,/mc-440.html,
奔驰,E320,MC-440,/images/product_pic1.jpg,产品定位：高档均衡型轿车轮胎,轮辋：14”，15”，16”，17”,"速度：H , V",SKU：22个,适合路况：高速公路，国道，省道，城市街道,制造地: CCT（中国成山工厂）,上市时间: 2012年8月,/mc-440.html,
奔驰,E350,MC-440,/images/product_pic1.jpg,产品定位：高档均衡型轿车轮胎,轮辋：14”，15”，16”，17”,"速度：H , V",SKU：22个,适合路况：高速公路，国道，省道，城市街道,制造地: CCT（中国成山工厂）,上市时间: 2012年8月,/mc-440.html,
雪铁龙,C5,MC-440,/images/product_pic1.jpg,产品定位：高档均衡型轿车轮胎,轮辋：14”，15”，16”，17”,"速度：H , V",SKU：22个,适合路况：高速公路，国道，省道，城市街道,制造地: CCT（中国成山工厂）,上市时间: 2012年8月,/mc-440.html,
起亚,嘉华,MC-440,/images/product_pic1.jpg,产品定位：高档均衡型轿车轮胎,轮辋：14”，15”，16”，17”,"速度：H , V",SKU：22个,适合路况：高速公路，国道，省道，城市街道,制造地: CCT（中国成山工厂）,上市时间: 2012年8月,/mc-440.html,
别克,GL8,MC-440,/images/product_pic1.jpg,产品定位：高档均衡型轿车轮胎,轮辋：14”，15”，16”，17”,"速度：H , V",SKU：22个,适合路况：高速公路，国道，省道，城市街道,制造地: CCT（中国成山工厂）,上市时间: 2012年8月,/mc-440.html,
福特,福克斯2.0,MC-440,/images/product_pic1.jpg,产品定位：高档均衡型轿车轮胎,轮辋：14”，15”，16”，17”,"速度：H , V",SKU：22个,适合路况：高速公路，国道，省道，城市街道,制造地: CCT（中国成山工厂）,上市时间: 2012年8月,/mc-440.html,
荣威,750,MC-440,/images/product_pic1.jpg,产品定位：高档均衡型轿车轮胎,轮辋：14”，15”，16”，17”,"速度：H , V",SKU：22个,适合路况：高速公路，国道，省道，城市街道,制造地: CCT（中国成山工厂）,上市时间: 2012年8月,/mc-440.html,
别克,英朗1.8T,MC-440,/images/product_pic1.jpg,产品定位：高档均衡型轿车轮胎,轮辋：14”，15”，16”，17”,"速度：H , V",SKU：22个,适合路况：高速公路，国道，省道，城市街道,制造地: CCT（中国成山工厂）,上市时间: 2012年8月,/mc-440.html,
欧宝,威达,MC-440,/images/product_pic1.jpg,产品定位：高档均衡型轿车轮胎,轮辋：14”，15”，16”，17”,"速度：H , V",SKU：22个,适合路况：高速公路，国道，省道，城市街道,制造地: CCT（中国成山工厂）,上市时间: 2012年8月,/mc-440.html,
丰田,皇冠,MC-440,/images/product_pic1.jpg,产品定位：高档均衡型轿车轮胎,轮辋：14”，15”，16”，17”,"速度：H , V",SKU：22个,适合路况：高速公路，国道，省道，城市街道,制造地: CCT（中国成山工厂）,上市时间: 2012年8月,/mc-440.html,
丰田,锐志,MC-440,/images/product_pic1.jpg,产品定位：高档均衡型轿车轮胎,轮辋：14”，15”，16”，17”,"速度：H , V",SKU：22个,适合路况：高速公路，国道，省道，城市街道,制造地: CCT（中国成山工厂）,上市时间: 2012年8月,/mc-440.html,
日产,天籁,MC-440,/images/product_pic1.jpg,产品定位：高档均衡型轿车轮胎,轮辋：14”，15”，16”，17”,"速度：H , V",SKU：22个,适合路况：高速公路，国道，省道，城市街道,制造地: CCT（中国成山工厂）,上市时间: 2012年8月,/mc-440.html,
标致,407,MC-440,/images/product_pic1.jpg,产品定位：高档均衡型轿车轮胎,轮辋：14”，15”，16”，17”,"速度：H , V",SKU：22个,适合路况：高速公路，国道，省道，城市街道,制造地: CCT（中国成山工厂）,上市时间: 2012年8月,/mc-440.html,
奥迪,A6,MC-440,/images/product_pic1.jpg,产品定位：高档均衡型轿车轮胎,轮辋：14”，15”，16”，17”,"速度：H , V",SKU：22个,适合路况：高速公路，国道，省道，城市街道,制造地: CCT（中国成山工厂）,上市时间: 2012年8月,/mc-440.html,
奥迪,A4L,MC-440,/images/product_pic1.jpg,产品定位：高档均衡型轿车轮胎,轮辋：14”，15”，16”，17”,"速度：H , V",SKU：22个,适合路况：高速公路，国道，省道，城市街道,制造地: CCT（中国成山工厂）,上市时间: 2012年8月,/mc-440.html,
奥迪,A5,MC-440,/images/product_pic1.jpg,产品定位：高档均衡型轿车轮胎,轮辋：14”，15”，16”，17”,"速度：H , V",SKU：22个,适合路况：高速公路，国道，省道，城市街道,制造地: CCT（中国成山工厂）,上市时间: 2012年8月,/mc-440.html,
宝马,5系,MC-440,/images/product_pic1.jpg,产品定位：高档均衡型轿车轮胎,轮辋：14”，15”，16”，17”,"速度：H , V",SKU：22个,适合路况：高速公路，国道，省道，城市街道,制造地: CCT（中国成山工厂）,上市时间: 2012年8月,/mc-440.html,
雷克萨斯,GS,MC-440,/images/product_pic1.jpg,产品定位：高档均衡型轿车轮胎,轮辋：14”，15”，16”，17”,"速度：H , V",SKU：22个,适合路况：高速公路，国道，省道，城市街道,制造地: CCT（中国成山工厂）,上市时间: 2012年8月,/mc-440.html,