湖北,武汉,武汉市黄陂区车博士快捷服务部,武汉市黄陂区金龙世纪阳关门面
湖北,武汉,武汉市武昌区金日驿站汽车维修中心,武汉市洪山区姚家岭沙湖公寓门面
湖北,武汉,武汉市江岸区米其林轮胎经营部,武汉市
湖北,武汉,米其林卡（客）车轮胎服务中心,武汉市武昌区武泰匝
湖北,武汉,民达轮胎服务部,武汉市建设大道438号
湖北,武汉,龚明安,宜城市宜城大道
湖北,武汉,武穴市个体工商户万雪容,武穴市梅川镇
湖南,常德,武陵区车之翼汽车护理中心,常德市洞庭大道中段
湖南,常德,鼎城区武陵镇山立汽车护理中心,常德市洞庭大道
湖南,,旭日轮胎店,吉首市凤凰县王家寨
湖南,,永州兄弟轮胎行,冷水滩区政府车站路38号
湖南,,澧县马牌轮胎店,常德市澧县澧州大道
湖南,,常德市德山车之翼汽车护理中心,湖南省常德市洞庭大道东段
湖南,,武陵区芙蓉路车之翼汽车护理中心,湖南省常德市武陵区芙蓉路
湖南,,常德市武陵区富兴轮胎销售中心,湖南省常德市洞庭大道中段
湖南,,飞奔小车轮胎专店,邵阳市邵东县竹领路13号
湖南,,郴州市和琪昌轮胎贸易有限公司,湖南省郴州市郴资桂高速高等公里二汽服务站
湖南,,邵阳市新世纪汽车服务有限公司,湖南省邵阳市大祥区宝庆西路
湖南,,天美汽车轮胎中心,湖南省娄底市娄星区湘阳
湖南,,长沙安驰汽配商行,湖南省长沙市南二环一段68号
湖南,,怀化市鹤城区当代汽车维修美容中心,湖南省怀化市鹤城区红星南路338号
安徽,安庆,安庆市大观区金轮轮胎经营部,安庆市市府路
安徽,淮北,淮北市成一轮胎商行,淮北市黎苑路相南办事处
安徽,宿州,宿州市开发区威翔轮胎销售中心,宿州市汽配城11栋105#
安徽,滁州,凤阳县传兵轮胎经营部,凤阳县东环路
安徽,滁州,滁州市琅琊邓禄普轮胎经营部,滁州市琅琊山路
安徽,滁州,天长市洁美汽车用品服务中心,天长市天炕大道
安徽,芜湖,南陵车友汽车俱乐部,南陵县翠英园中学对面
安徽,芜湖,繁昌县永盛轮胎服务部,繁昌县交警大队对面
安徽,阜阳,阜阳市颍州区金帆汽车用品商行,阜阳市清河西路公安局对面
安徽,阜阳,阜阳阿飞轮胎店,阜阳市阜南路
江苏,,邳州市金春轮胎商行,江苏省邳州市官湖镇白果沟桥北路东
江苏,,邳州市老沈补胎修理门市,
江苏,,丰县双星轮胎专卖店,江苏省徐州市丰县
江苏,,徐州甲牌轮胎丰县经销处,江苏省徐州市丰县
江苏,,宿迁市经济开发区锦成轮胎商品销售部,
江苏,,泗洪县旭日轮胎经营部,江苏省宿迁市泗洪县
江苏,,江苏荣鑫物流有限公司,江苏省睢宁八里石化加油站对面
江苏,,沛县佳兴物资有限公司,江苏省徐州市沛县南外环圆球东100米路南（轮胎城）
江苏,,新沂市金顺轮胎行,江苏省新沂市
江苏,,新沂金源轮胎大世界精品店,
江苏,,江苏省沐阳华泰轮胎商行,
江苏,,沐阳县沐城南关修车门市,
江苏,,盱眙县顺心贸易有限公司,
江苏,,无锡车友汽车服务中心,江苏省无锡市新区长江路70号
江苏,,无锡胜通星苑店,江苏省无锡市硕放镇星苑店
江苏,,无锡汽车轮胎公司,江苏省无锡市惠山区玉祁镇堰玉路14号
江苏,,无锡兴兴轮胎服务中心,江苏省无锡市车亭板庄路72号
江苏,,无锡市宝成轮胎修理店,江苏省无锡市江海东路尤渡段91-93号
江苏,,无锡市钱桥镇诚信轮胎修理部,江苏省无锡市钱桥镇钱威路91号
江苏,,无锡市南长区灵象电动车经营部,江苏省无锡市新区梅村新友南路80号
江苏,,无锡市百事捷车业有限公司,江苏省无锡市江海西路民丰桥200米
江苏,,无锡市天奇贸易有限公司,江苏省无锡市五爱北路24号
江苏,,无锡市阿青自行车配件商店,江苏省无锡市统一摩配一区9号
江苏,,常熟昌盛汽配,江苏省常熟市青墩塘路170号
江苏,,苏州程械轮胎销售中心,江苏省苏州望亭镇新国道迎湖万家乐广场A区7号
江苏,,苏州华振汽车维修中心,江苏省苏州市新区珠江路598号
江苏,,张家港兴合轮胎有限公司,江苏省张家港市杨锦公路合兴村口
江苏,常州,常州苏马赫汽车服务连锁有限公司三井分公司,常州新北区通江中路
江苏,常州,常州苏马赫汽车服务连锁有限公司天宁分公司,常州湖塘常武南路
江苏,常州,常州新区佳特物资有限公司,常州湖塘常武中路
浙江,,天台县祥丰汽车轮胎服务部,浙江省天台县
浙江,,小勇轮胎,浙江省温岭市泽园镇泽楚路186号
浙江,,台州市新利汽车服务有限公司,浙江省台州市椒江
浙江,,温州市箬横江雪钱汽配店,浙江省温州市温岭市箬横江
浙江,,温岭市横峰荣生轮胎店,浙江省温岭市横峰
浙江,,温岭市松门奥丰汽车美容服务商店,浙江省温岭市松门镇
浙江,,台州市黄岩金茶轮胎店,浙江黄岩环城西路大排档44-48号
浙江,,台州经济开发区新耀轮胎经营部,浙江台州经济开发区广场南路371号
浙江,,永嘉县瓯北黄田汽车轮胎店,浙江省温州市永嘉县瓯北镇黄田南路50-52号
浙江,,乐清市白象固特异轮胎服务维修中心,浙江省乐清市北白象镇白象大道188-190号
浙江,,乐清市乐昌眼睛轮胎店,浙江乐清市宁康西路341号
浙江,,平阳县昆阳镇益取轮胎经营部,浙江省温州市平阳县人民路253号
浙江,,温州市龙湾永中崇友轮胎店,浙江省温州市罗东南街城北新街十字路口南面
浙江,,温州市澳驰轮胎有限公司,浙江温州龟湖商厦103号
浙江,,苍南县灵溪镇锦通轮胎商行,浙江省温州市苍南县灵溪镇河滨东路922-926号
浙江,,苍南县龙港奔马轮胎服务部,浙江省温州市苍南县龙港镇人民路507号
浙江,,义乌市印向轮胎商行,义乌市绣湖西路279-2号
浙江,,陈家轮胎商行,金华市稠州北路1680号
浙江,,武义县壶山童一心汽车轮胎经营部,武义县汽车站旁
浙江,,金华市婺城区力达轮胎商行,浙江省金华市环城南路中国联通以东200米
上海,,朝阳轮胎批发部,上海市青浦区练塘镇练新路149号
上海,,上海连辉汽车轮胎销售有限公司,上海市嘉定区嘉安公路213号
上海,,上海市嘉定区马陆镇捷林宝轮轮胎经营部,上海市嘉定区马陆镇宝安公路3799号A区3幢5-6号
上海,,上海市崇明县秦俭摩托车配件商店,上海市崇明堡镇南路228号1-8室
上海,,上海市松江区中山街道兴晨汽车轮胎经营部,上海市松江区环城路522号
上海,,上海市松江区中山街道诚信摩配修理店,上海市松江区松汇东路97号
上海,,上海桂钦实业有限公司,上海市六灶镇会龙路893号
上海,,上海市车之行汽车维修店,博华路361号
上海,,上海奥福汽车配件有限公司,阳泉路881号
上海,,上海市浦东新区花木街道永昌汽车维修部,芳华路1003号
上海,,上海月涛汽车维修服务中心,高斯路1152号
上海,,上海晨菲轮胎贸易有限公司,汇民路2号
上海,,上海罗亟汽车服务有限公司,月罗公路2198号
上海,,上海市崇明县毛挺汽车配件商店,裕民路18号
上海,,上海市崇明县向化镇樊春轮胎修理部,陈彷公路4653号
江西,,鹰潭市吉通汽车装璜美容中心,江西省鹰潭市吉东湖家园61号
江西,,德兴华凌汽车轮胎美容中心,江西省德兴市德兴县经贸大楼下门面
江西,,婺源县顺昌汽车服务部,江西省上饶市婺源县汽配城1号F门面
江西,,赣州宝龙兄弟汽车用品配件商行,江西省赣州市文明大道西段
江西,,上饶银珠轮胎服务部,江苏省上饶市庆丰路
江西,,寻乌鑫起点轮胎服务中心,江苏省赣州市寻乌县岳家大道旁
江西,,宜丰车羽轮胎商行,江西省宜春市宜丰县建设大道70号
江西,,赣州市汇金轮胎有限公司,江西省赣州市瑞金路水南新村
福建,,福全汽修美容生活馆,福建省福州市晋安区解放路109号
福建,,良仔轮胎行,福建省漳州市建国路73号
福建,,得光小车轮胎行,福建省龙岩王平县王平路
福建,,天宇车艺轮胎服务,福建省泉州市鲤城区宇中路
福建,,天天炫酷,福建省厦门市翔安区马巷镇王兴璐
福建,,厦门市湖里区鑫胜伟轮胎行,福建省厦门市湖里区园山南路
福建,,康驰汽车配件经营部,福建省厦门市杭湖路北路
黑龙江,哈尔滨,哈尔滨运捷汽车配件经销有限公司,南岗区宣化街51号
黑龙江,哈尔滨,哈尔滨市南岗区侍车会汽车用品商行,南岗区宣化街40号
黑龙江,绥化,海伦车之家轮胎商行,海伦市市医院附近
黑龙江,绥化,青冈县青冈镇全程通轮胎经销处,青冈水利车队家属楼一楼
黑龙江,大庆,肇源县肇源镇鲲鹏轮胎商店,肇源县三小学正对面
黑龙江,哈尔滨,双城市承旭轮胎商店,双城县东门外行政审批大厅斜对过
黑龙江,哈尔滨,哈尔滨市南岗区开利兴汽车用品商店,哈尔滨南岗区宣德街18号
黑龙江,双鸭山,集贤县正通轮胎商店,福利屯阳霖大厦东侧教育局一门市
黑龙江,双鸭山,双鸭山市广维汽车装饰有限公司,双福路卧虹桥交警队路口林业局楼下
黑龙江,哈尔滨,阿城区车本家五轮定位轮胎商店,阿城区永泰小区24号楼
黑龙江,佳木斯,抚远县龙江汽配轮胎经销处,抚远县迎宾路18号
黑龙江,呼伦贝尔,满洲里市振兴汽配维修中心,满洲里市五道街新天地一号楼1号
吉林,长春,长春市联冠机械设备有限公司,吉林省长春市南关区东大桥四通路
吉林,长春,长春泰宇化工有限公司,绿园区汽贸城金街
辽宁,鞍山,鞍山市中大汽车用品有限公司铁东分公司,建国南路7-s5
辽宁,鞍山,鞍山市中大汽车用品有限公司立山分公司,健身路34号
辽宁,鞍山,鞍山市中大汽车用品有限公司,交通路7号楼1号
辽宁,营口,营口富益汽车销售服务有限公司,营口市老边区逸兴园小区
辽宁,本溪,本溪市大中远汽车轮胎销售中心,辽宁省本溪市明山区解放北路轻工栋
辽宁,本溪,本溪新中远汽车服务有限公司,辽宁省明山区峪明路61栋3号
辽宁,,盘锦路路通汽车服务中心,辽宁省盘锦市兴隆台区泰山路8号
辽宁,,盘锦路宝汽车销售服务有限公司,辽宁省盘锦市经开区工业大街42号
辽宁,,盘锦路路通汽车服务广场,辽宁省盘锦市兴隆台区新广夏小区
辽宁,,盘锦路路通实业有限公司,辽宁省盘锦市经开区工业大街16号
内蒙古,呼和浩特,呼市新城区车之翼汽车装具轮胎经销部,呼市新城区胜利路东口
内蒙古,呼和浩特,呼市新城区子业轮胎经销部,呼市新城区海东路海天花园对面
内蒙古,呼和浩特,呼市新城区李武轮胎经销部,呼市新城区海东路军区后勤部东侧
内蒙古,呼和浩特,呼市玉泉区华豫汽车轮胎经销部,呼市玉泉区西五十家街五塔寺对面
内蒙古,呼和浩特,呼市新城区伟鸿汽车轮胎经销部,呼市新城区北垣东街芳汀花园东侧
内蒙古,呼和浩特,呼市回民区鑫森泰轮胎销售部,呼市回民区海西路45号
内蒙古,呼和浩特,呼市新城区国安轮胎商行,呼市新城区海中路加油站西侧
内蒙古,呼和浩特,呼市新城区车之杰汽车轮胎经销部,呼市新城区北垣东街
内蒙古,呼和浩特,呼市玉泉区谦昌轮胎经销部,呼市玉泉区紫维汽车城西侧
内蒙古,呼和浩特,呼市回民区展驰轮胎销售维修部,呼市回民区县府街艾博龙园B区
内蒙古,呼和浩特,呼市回民区车驿站轮胎经销部,呼市回民区文化宫街56号
内蒙古,呼和浩特,呼市回民区利源轮胎经销部,呼市回民区
内蒙古,呼和浩特,呼市回民区富德尔轮胎经销部,呼市回民区齐博龙园A区
内蒙古,呼和浩特,呼和浩特汇力汽车服务有限责任公司,呼市新城区成吉思汗大街山水路
内蒙古,呼和浩特,包头市泽洋贸易有限公司,包头市昆区钢铁大街
内蒙古,呼和浩特,回民区轮行时代轮胎经营部,呼市京源港汽配城
山东,青岛,青岛迅驰轮胎有限公司,即墨黄河二路2号
山东,青岛,即墨名车聚轮胎经营部,即墨市文化路467号
山东,青岛,即墨名车之道轮胎经营部,即墨市泰山一路398号
山东,青岛,青岛杰尔特商贸有限公司,青岛市李沧区重庆中路60号
山东,青岛,青岛金元帅汽车服务中心,青岛市黑龙江路188号
山东,,烟台宏图轮胎汽配有限责任公司,山东省烟台市芝罘区化工路北首
山东,,烟台市芝罘区永茂轮胎销售中心,山东省烟台市海港区22-11号
山东,,烟台市芝罘区力达轮胎经营部,山东省烟台市芝罘区幸福南路15号
山东,,烟台长盛轮胎有限公司,山东省烟台市芝罘区大海阳路83号
山东,济南,山东老屯汽配城佳鑫轮胎销售处,济南槐荫区老屯汽配城北28排1-3
山东,济南,章丘市明水诚坤轮胎经营部,章丘明水汇泉路西首
山东,济南,济南历城区宇通汽车服务中心,历城区郭店镇政府东
山东,济南,济南钰霖轮胎商行,济南市槐荫区幸福街10号
山东,淄博,周村车空间汽车俱乐部,周村309国道
山东,聊城,东阿县桐城轮行天下轮胎俱乐部,东阿县文化街县委西
河北,保定,保定市驰达商贸有限公司,保定市南市区利民路10号
河北,保定,保定市驰达商贸有限公司瑞祥大街分店,保定市北市区瑞祥大街463号
河北,保定,保定市驰达商贸有限公司复兴路分店,保定市复兴路与向阳大街交叉路口林业局楼下
河北,保定,保定市驰达商贸有限公司朝阳路分店,保定市朝阳南大街872号
河北,唐山,唐山市路北区长宁道泰合轮胎维修部,唐山市长宁道与龙泽北路交口295号
河北,唐山,唐山市路北区鑫富鑫轮胎修理部,唐山市南新西道栾新园底商
河北,唐山,遵化市祥和商贸有限公司,唐山遵化市通化西街29号
河北,唐山,玉田县玉田镇永来轮胎门市部,唐山市玉田县无中街物资局门市楼
河北,唐山,唐山市开平区乐途轮胎店,唐山市开平区朝阳楼101 1门504
河北,唐山,唐山市丰润区小永吉祥轮胎门市部,唐山市丰润区风韩路粮食局门市楼30号
北京,北京,北京一路峰持商贸有限公司,北京市朝阳区南四环东路69号城环城国际汽配城16号
北京,北京,北京亿车缘轮胎商行,北京市清河小营东方美度汽配城美容区22号
北京,北京,北京青振伟业商贸有限公司,北京市朝阳区王四营乡五方天雅汽配城南区四排57-63号
北京,北京,北京树豹达汽车配件销售部,北京顺义南法信众合汽配城D区10-11号
北京,北京,北京合诚伟业轮胎服务,北京市丰台区新发地户车站沿北侧往西第一个十字路口右转200米往东
北京,北京,北京方圆轮胎经营部,北京丰台区分钟寺140号
北京,北京,北京南口文涛汽车配件销售部,北京市昌平区南口镇南大街8号
北京,北京,北京博利汽车轮胎修理部,北京顺义区石门市场西200米铭南福口居旁
北京,北京,北京远程轮胎服务中心,北京市丰台区分钟寺97号
北京,北京,北京市久元汽车修理部,北京市顺义区AMB大厦向西800米
北京,北京,北京京瑞宝通汽车用品商行,北京西郊亚森用品城E区9-10号
北京,北京,北京南口山林汽配商店,北京昌平区南口镇南大街10号
北京,北京,北京市新源达轮胎行,北京市来广营东罗马南里小区西侧向南150米路西
北京,北京,北京北方惠通轮胎商行,北京市门头沟区绿岛家园9号楼1单元602室
北京,北京,北京德邻百川轮胎经营部,北京市昌平区回龙观镇二拔子工业园区西路9号
北京,北京,北京宏图海亚汽车配件经营部,北京市西城区西什库大街37号院4-1102室
北京,北京,北京花乡长友轮胎经销部,北京市西城区前车胡同22号
北京,北京,北京诚隆达商贸有限公司,北京市海淀区遗光寺1号楼西门303
北京,北京,北京世合百顺汽车轮胎有限公司,北京市石景山区五芳园小区22号楼2单元202室
北京,北京,北京同恩宏升源商贸中心,北京市朝阳区五方天雅汽配城东8区45-47号
北京,北京,北京路顺达汽车维修服务中心,北京市海淀区营慧寺75号
山西,太原,太原市小店区东兴轿车轮胎商店,山西省太原市小店区王村南街69号
广东,广州,广州市天河区大观华润中信汽车养护部,广州市中山大道中993号爱德加油站旁
广东,广州,广州市白云区同和常德轮胎经营部,广州市白云区京溪街沙太路广太商业街自编17号
广东,广州,广州市天河区元岗观锋汽车配件经营部,广州市天河长兴街天源路8号首层自编2A（小童羊楼下）
广东,梅州,汕头市益民汽车美容服务中心,汕头华山北路德华学校右侧农行隔壁
广东,梅州,潮安乐兴轮胎服务中心,潮安县彩塘镇压仙乐一村大寨站北侧
广东,梅州,揭阳成顺汽配经营部,揭阳市206国道揭东邮电对面
广东,梅州,潮州市枫溪区苏记汽车轮胎店,潮汕公路白塔段
广东,梅州,揭西县鑫祥贸易有限公司,揭西县城过境路新安段北27栋1-6号
广东,深圳,深圳市罗湖区茂发轮胎店,深圳市罗湖区贝丽南路与田贝一路交汇处
广东,深圳,深圳市大东部汽车用品市场腾达汽配商行,深圳市龙岗区爱联东都汽配市场A栋008号
广东,深圳,深圳市龙岗区龙岗镇詹记轮胎电池店,深圳市龙岗区龙岗镇龙平东路394号
广东,深圳,深圳市宝安区宝城达成轮胎店,福永镇风塘大道与宝安大道交界
广东,深圳,深圳市宝安新华新轮胎行,深圳市宝安29区宝民一路弘雅花园二期101-102号铺
广东,深圳,深圳市宝安区西乡景廷轮胎店,深圳市宝安区新安四路186号
广东,深圳,深圳市龙岗区南湾老友汽车维修部,深圳市龙岗区布吉街道西环68号
广东,深圳,深圳市保力驰服务有限公司,深圳市龙岗区布吉街道大芬村知春里2号楼102-103号商铺
广东,东莞,东莞市虎门泰昌轮胎店,东莞市虎门连升路社岗要兴业建材市场A15-16号
广东,东莞,东莞黄江镇荣之光轮胎店,东莞市黄江镇江海城怡和花园45-48号
广东,东莞,东莞市樟木头吉利汽车轮胎店,东莞市樟木头镇东城大道76号（即威达酒店旁）
广东,佛山,佛山市南海区恒昌汽车维修服务中心,南海桂城桂平路桂平美食城内
广东,佛山,佛山市南海区廉和轮胎维修店,佛山市南海区桂城街道石肯霍东工业区二路2号
广东,惠州,海丰县附城勇刚轮胎修补店,海丰县附城海丽大道大圆盘西侧
广西,南宁,南宁市骉锋汽车美容装饰中心,南宁市双阳路18号
广西,南宁,南宁市大伟汽车用品经营部北湖店,南宁市北湖北路28号
广西,南宁,南宁市润林汽车轮胎有限责任公司,南宁市长湖路10-12号
广西,南宁,南宁市路车宝汽车用品有限公司,南宁市科园大道48号
广西,南宁,南宁市伟盛汽车用品经营部,南宁市双拥路10号
广西,南宁,防城丰达汽车装饰中心,广西防城港防城区防钦路市政大厦宿舍一楼
广西,南宁,南宁市大伟汽车用品经营部,广西省南宁市望州路249-21-24号
广西,,灵山县弘贵轮胎店,广西钦州市灵山县灵城镇江南新城A区10号
广西,,武鸣德冠汽车有限公司,广西南宁市武鸣县渡头桥头万隆国际对面
贵州,,周南美（三都路路通轮胎服务中心）,贵州省三都县三合镇环城北路加油站
贵州,,佳通轮胎经营部,贵州省六盘水市钟山区明湖路
贵州,,六盘水周永乐轮胎经营部,贵州省六盘水市南环路一看房
贵州,,桐梓娄小毛轮胎经营部,贵州省桐梓县娄山关镇一中旁
贵州,,仁怀雷世芳轮胎销售中心,贵州省仁怀市2号路（恒缘大酒楼旁）
贵州,,黔西吴晶轮胎经营部,贵州省黔西县城关镇黔金路
贵州,,黔西金定友轮胎销售中心,贵州省黔西县
贵州,,毕节好运轮胎经营部,贵州省毕节市花牌坊
贵州,,赤水龙发怀轮胎经营部,贵州省赤水市东郊路40号（三岔路赤水市职业高中门口）
贵州,,平塘建业轮胎经营部,贵州省平塘县后山大道畜牧局楼下
贵州,,白云朱勇轮胎经营部,贵州省贵阳市白云区沙坡加油站旁
贵州,,金阳立江轮胎经营部,贵州省贵阳市金阳碧海花园大门处
贵州,,白云赵平轮胎经营部,贵州省贵阳市白云区工装加油站对面
贵州,,大方郭海轮胎经营部,贵州省大方县北郊加水坡
贵州,,龙里方国华轮胎经营部,贵州省龙里县龙山镇三林路
贵州,,毕节王友明轮胎经营部,贵州省毕节市洪南路
四川,成都,南部县泰达汽车服务中心,四川南部县南隆镇蜀北大道337-339号
四川,成都,自贡市万里汽车配件经营部,四川省自贡市大安区龙井路
四川,成都,内江市中区豪迈汽车美容行,四川省内江市东兴区河边路67号
四川,成都,渠县营渠路论坛经营部,四川省渠县万兴广场
四川,成都,德阳旌东金通轿车轮胎用品经营部,四川省珠江镇桥头
四川,成都,名山县贡创轮胎销售部,四川省名山县蒙阳镇县城新区H区25号
四川,成都,成都高新区盛隆伟业商贸部,四川省成都市肖家河沿街20号
四川,成都,西昌市东盛汽车配件经营部,四川省西昌市三岔口南路一环路口
四川,成都,新津王氏轮胎服务中心,四川省新津县迎宾大道19号
四川,成都,大邑晋原镇仕伟轮胎经营部,四川省大邑县邑新大道广电局侧
四川,成都,都江堰市宏宜汽车美容服务中心,都江堰市二环路天伦花园旁
陕西,成都,汉台区望江路鸿鑫汽车轮胎销售部,汉中市电视塔南200米
陕西,西安,西安市益众汽车维修服务有限公司,西安市凤城九路与明光路 东南角
陕西,西安,西安市雁塔区悦盛汽车用品商行,西安市崇业路
陕西,西安,西安市翔辉车行,西安市明光与纬二十八街东北角
陕西,西安,西安金顺轮胎有限公司,西安市凤城五路89号 马牌轮胎
陕西,西安,德国马牌,西安市纬二十六街 马牌轮胎
陕西,西安,西安市雁塔区新科轮胎修补服务部,西安市西影路东段千户村十字东南角
陕西,西安,盛永汽配服务部,西安市高陵县高交路十字向东200米
陕西,榆林,横山县二娃轮胎服务中心,榆林市横山县环城路绿源小区楼下
陕西,西安,西安市莲湖区林源轮胎销售部,西安市莲湖区永安路1号
陕西,西安,西安市莲湖区莲鑫汽配部,西安市莲湖区纬二十六街马泘沱村对面
新疆,乌鲁木齐,栋祥轮胎经销部,乌鲁木齐市米东区园艺村159号
新疆,乌鲁木齐,乌鲁木齐市米东区倍得福汽车服务中心,乌鲁木齐市米东区广兴西街518号
新疆,乌鲁木齐,乌鲁木齐市米东区合盛嘉轮汽车服务中心,乌鲁木齐市米东区广兴西街 荷兰小镇
新疆,伊犁,美轮美车汽车服务,新疆伊犁州新源县则新路东仓库6号
宁夏,银川,银川市兴庆区个体经营顺通轮胎经销部,银川市兴庆区景墨家园139-2
宁夏,银川,灵武市南门张峰四轮定位轮胎店,灵武市西湖路
宁夏,银川,永宁县速通轮胎经销维修部,永宁县109国道杨和派出所门口
宁夏,银川,精典车轮之家轮胎经销部,银川市北塔路胡商国际商贸城11号楼103-105室
甘肃,兰州,七里河区德福来轮胎经营部,兰州市七里河区南滨河路116号
甘肃,兰州,兰州市西固区恒顺昌快修轮胎服务中心,兰州市西固区西固东路841号一楼西侧
甘肃,兰州,兰州景玉轮胎修理部,兰州市七里河区关家园西街116号
甘肃,武威,武威市泰裕轮胎超市,武威市西关中路13-5号
甘肃,兰州,耿家庄润鑫轮胎经营部,兰州市城关区麦积山路耿家庄141号
河南,郑州,郑州市鑫润汽配有限公司,郑州市未来路248号
河南,郑州,郑州市管城区泰尔轮胎商行,郑州市管城区微配大世界A区3排6号
河南,郑州,郑州中赛商贸有限公司,郑州市北环汽配大世界11排北1
河南,郑州,郑州富锦物贸有限公司,郑州市郑上路微配大世界A区4排8号
河南,郑州,郑州鲲鹏轮胎销售中心,河南汽贸园C区2排3号
河南,郑州,郑州市金水区鸿源汽配商店,郑州天荣汽配城A区5号
河南,郑州,郑州中骏商贸有限公司,郑州南三环微配大世界临街5号
河南,郑州,郑州金品商贸有限公司,郑州超诚装饰广场A区16号