DISCOVERER STT,DISCOVERER STT,/image/img03.jpg,Discoverer STT外观粗狂坚实，是越野车型的理想选择。Discoverer STT可为你提供强劲的核心牵引力。深胎肩花纹和独特的大块花纹设计给你提供超乎寻常的强大抓地力。,/stt_detail.htm,30X9.50,,15LT
DISCOVERER STT,DISCOVERER STT,/image/img03.jpg,Discoverer STT外观粗狂坚实，是越野车型的理想选择。Discoverer STT可为你提供强劲的核心牵引力。深胎肩花纹和独特的大块花纹设计给你提供超乎寻常的强大抓地力。,/stt_detail.htm,31X10.50,,15LT
DISCOVERER STT,DISCOVERER STT,/image/img03.jpg,Discoverer STT外观粗狂坚实，是越野车型的理想选择。Discoverer STT可为你提供强劲的核心牵引力。深胎肩花纹和独特的大块花纹设计给你提供超乎寻常的强大抓地力。,/stt_detail.htm,32X11.50,,15LT
DISCOVERER STT,DISCOVERER STT,/image/img03.jpg,Discoverer STT外观粗狂坚实，是越野车型的理想选择。Discoverer STT可为你提供强劲的核心牵引力。深胎肩花纹和独特的大块花纹设计给你提供超乎寻常的强大抓地力。,/stt_detail.htm,33X12.50,,15LT
DISCOVERER STT,DISCOVERER STT,/image/img03.jpg,Discoverer STT外观粗狂坚实，是越野车型的理想选择。Discoverer STT可为你提供强劲的核心牵引力。深胎肩花纹和独特的大块花纹设计给你提供超乎寻常的强大抓地力。,/stt_detail.htm,35X12.50,,15LT
DISCOVERER STT,DISCOVERER STT,/image/img03.jpg,Discoverer STT外观粗狂坚实，是越野车型的理想选择。Discoverer STT可为你提供强劲的核心牵引力。深胎肩花纹和独特的大块花纹设计给你提供超乎寻常的强大抓地力。,/stt_detail.htm,35X12.50,,18LT
DISCOVERER STT,DISCOVERER STT,/image/img03.jpg,Discoverer STT外观粗狂坚实，是越野车型的理想选择。Discoverer STT可为你提供强劲的核心牵引力。深胎肩花纹和独特的大块花纹设计给你提供超乎寻常的强大抓地力。,/stt_detail.htm,265,70,16LT
DISCOVERER STT,DISCOVERER STT,/image/img03.jpg,Discoverer STT外观粗狂坚实，是越野车型的理想选择。Discoverer STT可为你提供强劲的核心牵引力。深胎肩花纹和独特的大块花纹设计给你提供超乎寻常的强大抓地力。,/stt_detail.htm,305,70,16LT
DISCOVERER STT,DISCOVERER STT,/image/img03.jpg,Discoverer STT外观粗狂坚实，是越野车型的理想选择。Discoverer STT可为你提供强劲的核心牵引力。深胎肩花纹和独特的大块花纹设计给你提供超乎寻常的强大抓地力。,/stt_detail.htm,265,70,17LT
DISCOVERER STT,DISCOVERER STT,/image/img03.jpg,Discoverer STT外观粗狂坚实，是越野车型的理想选择。Discoverer STT可为你提供强劲的核心牵引力。深胎肩花纹和独特的大块花纹设计给你提供超乎寻常的强大抓地力。,/stt_detail.htm,285,70,17LT
DISCOVERER STT,DISCOVERER STT,/image/img03.jpg,Discoverer STT外观粗狂坚实，是越野车型的理想选择。Discoverer STT可为你提供强劲的核心牵引力。深胎肩花纹和独特的大块花纹设计给你提供超乎寻常的强大抓地力。,/stt_detail.htm,295,70,17LT
DISCOVERER STT,DISCOVERER STT,/image/img03.jpg,Discoverer STT外观粗狂坚实，是越野车型的理想选择。Discoverer STT可为你提供强劲的核心牵引力。深胎肩花纹和独特的大块花纹设计给你提供超乎寻常的强大抓地力。,/stt_detail.htm,225,75,16LT
DISCOVERER STT,DISCOVERER STT,/image/img03.jpg,Discoverer STT外观粗狂坚实，是越野车型的理想选择。Discoverer STT可为你提供强劲的核心牵引力。深胎肩花纹和独特的大块花纹设计给你提供超乎寻常的强大抓地力。,/stt_detail.htm,245,75,16LT
DISCOVERER STT,DISCOVERER STT,/image/img03.jpg,Discoverer STT外观粗狂坚实，是越野车型的理想选择。Discoverer STT可为你提供强劲的核心牵引力。深胎肩花纹和独特的大块花纹设计给你提供超乎寻常的强大抓地力。,/stt_detail.htm,265,75,16LT
DISCOVERER STT,DISCOVERER STT,/image/img03.jpg,Discoverer STT外观粗狂坚实，是越野车型的理想选择。Discoverer STT可为你提供强劲的核心牵引力。深胎肩花纹和独特的大块花纹设计给你提供超乎寻常的强大抓地力。,/stt_detail.htm,285,75,16LT
DISCOVERER STT,DISCOVERER STT,/image/img03.jpg,Discoverer STT外观粗狂坚实，是越野车型的理想选择。Discoverer STT可为你提供强劲的核心牵引力。深胎肩花纹和独特的大块花纹设计给你提供超乎寻常的强大抓地力。,/stt_detail.htm,315,75,16LT
DISCOVERER STT,DISCOVERER STT,/image/img03.jpg,Discoverer STT外观粗狂坚实，是越野车型的理想选择。Discoverer STT可为你提供强劲的核心牵引力。深胎肩花纹和独特的大块花纹设计给你提供超乎寻常的强大抓地力。,/stt_detail.htm,235,85,16LT
DISCOVERER S/T-MAXX,DISCOVERER STMAXX,/image/img032.jpg,Discoverer STMAXX 特有的 Armor-Tek3 盔甲科技与两重排石功能，带来更强大的动力与抓地力，让您从容迎战各种极端路况。,/stmaxx_detail.htm,265,70,17LT
DISCOVERER S/T-MAXX,DISCOVERER STMAXX,/image/img032.jpg,Discoverer STMAXX 特有的 Armor-Tek3 盔甲科技与两重排石功能，带来更强大的动力与抓地力，让您从容迎战各种极端路况。,/stmaxx_detail.htm,285,70,17LT
DISCOVERER S/T-MAXX,DISCOVERER STMAXX,/image/img032.jpg,Discoverer STMAXX 特有的 Armor-Tek3 盔甲科技与两重排石功能，带来更强大的动力与抓地力，让您从容迎战各种极端路况。,/stmaxx_detail.htm,225,75,16LT
DISCOVERER S/T-MAXX,DISCOVERER STMAXX,/image/img032.jpg,Discoverer STMAXX 特有的 Armor-Tek3 盔甲科技与两重排石功能，带来更强大的动力与抓地力，让您从容迎战各种极端路况。,/stmaxx_detail.htm,245,75,16LT
DISCOVERER S/T-MAXX,DISCOVERER STMAXX,/image/img032.jpg,Discoverer STMAXX 特有的 Armor-Tek3 盔甲科技与两重排石功能，带来更强大的动力与抓地力，让您从容迎战各种极端路况。,/stmaxx_detail.htm,265,75,16LT
DISCOVERER S/T-MAXX,DISCOVERER STMAXX,/image/img032.jpg,Discoverer STMAXX 特有的 Armor-Tek3 盔甲科技与两重排石功能，带来更强大的动力与抓地力，让您从容迎战各种极端路况。,/stmaxx_detail.htm,285,75,16LT
DISCOVERER S/T-MAXX,DISCOVERER STMAXX,/image/img032.jpg,Discoverer STMAXX 特有的 Armor-Tek3 盔甲科技与两重排石功能，带来更强大的动力与抓地力，让您从容迎战各种极端路况。,/stmaxx_detail.htm,235,85,16LT
DISCOVERER A/T3,DISCOVERER AT3,/image/img033.jpg,Discoverer AT3 是固铂轮胎全新推出的一款完美兼备优异公路驾驶与野外能力的全路况轮胎。全时全能，完美护航您的每次旅程。,/at3_detail.htm,275,55,20
DISCOVERER A/T3,DISCOVERER AT3,/image/img033.jpg,Discoverer AT3 是固铂轮胎全新推出的一款完美兼备优异公路驾驶与野外能力的全路况轮胎。全时全能，完美护航您的每次旅程。,/at3_detail.htm,235,65,17
DISCOVERER A/T3,DISCOVERER AT3,/image/img033.jpg,Discoverer AT3 是固铂轮胎全新推出的一款完美兼备优异公路驾驶与野外能力的全路况轮胎。全时全能，完美护航您的每次旅程。,/at3_detail.htm,245,65,17
DISCOVERER A/T3,DISCOVERER AT3,/image/img033.jpg,Discoverer AT3 是固铂轮胎全新推出的一款完美兼备优异公路驾驶与野外能力的全路况轮胎。全时全能，完美护航您的每次旅程。,/at3_detail.htm,275,65,18
DISCOVERER A/T3,DISCOVERER AT3,/image/img033.jpg,Discoverer AT3 是固铂轮胎全新推出的一款完美兼备优异公路驾驶与野外能力的全路况轮胎。全时全能，完美护航您的每次旅程。,/at3_detail.htm,265,65,17LT
DISCOVERER A/T3,DISCOVERER AT3,/image/img033.jpg,Discoverer AT3 是固铂轮胎全新推出的一款完美兼备优异公路驾驶与野外能力的全路况轮胎。全时全能，完美护航您的每次旅程。,/at3_detail.htm,275,65,18LT
DISCOVERER A/T3,DISCOVERER AT3,/image/img033.jpg,Discoverer AT3 是固铂轮胎全新推出的一款完美兼备优异公路驾驶与野外能力的全路况轮胎。全时全能，完美护航您的每次旅程。,/at3_detail.htm,215,70,16
DISCOVERER A/T3,DISCOVERER AT3,/image/img033.jpg,Discoverer AT3 是固铂轮胎全新推出的一款完美兼备优异公路驾驶与野外能力的全路况轮胎。全时全能，完美护航您的每次旅程。,/at3_detail.htm,225,70,16
DISCOVERER A/T3,DISCOVERER AT3,/image/img033.jpg,Discoverer AT3 是固铂轮胎全新推出的一款完美兼备优异公路驾驶与野外能力的全路况轮胎。全时全能，完美护航您的每次旅程。,/at3_detail.htm,235,70,16
DISCOVERER A/T3,DISCOVERER AT3,/image/img033.jpg,Discoverer AT3 是固铂轮胎全新推出的一款完美兼备优异公路驾驶与野外能力的全路况轮胎。全时全能，完美护航您的每次旅程。,/at3_detail.htm,245,70,16LT
DISCOVERER A/T3,DISCOVERER AT3,/image/img033.jpg,Discoverer AT3 是固铂轮胎全新推出的一款完美兼备优异公路驾驶与野外能力的全路况轮胎。全时全能，完美护航您的每次旅程。,/at3_detail.htm,265,70,16LT
DISCOVERER A/T3,DISCOVERER AT3,/image/img033.jpg,Discoverer AT3 是固铂轮胎全新推出的一款完美兼备优异公路驾驶与野外能力的全路况轮胎。全时全能，完美护航您的每次旅程。,/at3_detail.htm,265,70,17LT
DISCOVERER A/T3,DISCOVERER AT3,/image/img033.jpg,Discoverer AT3 是固铂轮胎全新推出的一款完美兼备优异公路驾驶与野外能力的全路况轮胎。全时全能，完美护航您的每次旅程。,/at3_detail.htm,285,70,17LT
DISCOVERER A/T3,DISCOVERER AT3,/image/img033.jpg,Discoverer AT3 是固铂轮胎全新推出的一款完美兼备优异公路驾驶与野外能力的全路况轮胎。全时全能，完美护航您的每次旅程。,/at3_detail.htm,315,70,17LT
DISCOVERER A/T3,DISCOVERER AT3,/image/img033.jpg,Discoverer AT3 是固铂轮胎全新推出的一款完美兼备优异公路驾驶与野外能力的全路况轮胎。全时全能，完美护航您的每次旅程。,/at3_detail.htm,225,75,16LT
DISCOVERER A/T3,DISCOVERER AT3,/image/img033.jpg,Discoverer AT3 是固铂轮胎全新推出的一款完美兼备优异公路驾驶与野外能力的全路况轮胎。全时全能，完美护航您的每次旅程。,/at3_detail.htm,245,75,16LT
DISCOVERER A/T3,DISCOVERER AT3,/image/img033.jpg,Discoverer AT3 是固铂轮胎全新推出的一款完美兼备优异公路驾驶与野外能力的全路况轮胎。全时全能，完美护航您的每次旅程。,/at3_detail.htm,265,75,16LT
DISCOVERER A/T3,DISCOVERER AT3,/image/img033.jpg,Discoverer AT3 是固铂轮胎全新推出的一款完美兼备优异公路驾驶与野外能力的全路况轮胎。全时全能，完美护航您的每次旅程。,/at3_detail.htm,285,75,16LT
"Discoverer
 ATR",DISCOVERER ATR,/image/img034.jpg,Discoverer ATR 再公路驾驶和越野行车的需求之间达成了完美的平衡。独特的内部结构，形成了均匀的接地面，带来均匀磨耗。,/atr_detail.htm,30X9.50,,R15LT
"Discoverer
 ATR",DISCOVERER ATR,/image/img034.jpg,Discoverer ATR 再公路驾驶和越野行车的需求之间达成了完美的平衡。独特的内部结构，形成了均匀的接地面，带来均匀磨耗。,/atr_detail.htm,31X10.50,,R15LT
"Discoverer
 ATR",DISCOVERER ATR,/image/img034.jpg,Discoverer ATR 再公路驾驶和越野行车的需求之间达成了完美的平衡。独特的内部结构，形成了均匀的接地面，带来均匀磨耗。,/atr_detail.htm,275,55,20
"Discoverer
 ATR",DISCOVERER ATR,/image/img034.jpg,Discoverer ATR 再公路驾驶和越野行车的需求之间达成了完美的平衡。独特的内部结构，形成了均匀的接地面，带来均匀磨耗。,/atr_detail.htm,235,65,17
"Discoverer
 ATR",DISCOVERER ATR,/image/img034.jpg,Discoverer ATR 再公路驾驶和越野行车的需求之间达成了完美的平衡。独特的内部结构，形成了均匀的接地面，带来均匀磨耗。,/atr_detail.htm,245,65,17
"Discoverer
 ATR",DISCOVERER ATR,/image/img034.jpg,Discoverer ATR 再公路驾驶和越野行车的需求之间达成了完美的平衡。独特的内部结构，形成了均匀的接地面，带来均匀磨耗。,/atr_detail.htm,265,65,17
"Discoverer
 ATR",DISCOVERER ATR,/image/img034.jpg,Discoverer ATR 再公路驾驶和越野行车的需求之间达成了完美的平衡。独特的内部结构，形成了均匀的接地面，带来均匀磨耗。,/atr_detail.htm,275,65,18LT
"Discoverer
 ATR",DISCOVERER ATR,/image/img034.jpg,Discoverer ATR 再公路驾驶和越野行车的需求之间达成了完美的平衡。独特的内部结构，形成了均匀的接地面，带来均匀磨耗。,/atr_detail.htm,205,70,15
"Discoverer
 ATR",DISCOVERER ATR,/image/img034.jpg,Discoverer ATR 再公路驾驶和越野行车的需求之间达成了完美的平衡。独特的内部结构，形成了均匀的接地面，带来均匀磨耗。,/atr_detail.htm,225,70,15
"Discoverer
 ATR",DISCOVERER ATR,/image/img034.jpg,Discoverer ATR 再公路驾驶和越野行车的需求之间达成了完美的平衡。独特的内部结构，形成了均匀的接地面，带来均匀磨耗。,/atr_detail.htm,265,70,15
"Discoverer
 ATR",DISCOVERER ATR,/image/img034.jpg,Discoverer ATR 再公路驾驶和越野行车的需求之间达成了完美的平衡。独特的内部结构，形成了均匀的接地面，带来均匀磨耗。,/atr_detail.htm,215,70,16
"Discoverer
 ATR",DISCOVERER ATR,/image/img034.jpg,Discoverer ATR 再公路驾驶和越野行车的需求之间达成了完美的平衡。独特的内部结构，形成了均匀的接地面，带来均匀磨耗。,/atr_detail.htm,225,70,16
"Discoverer
 ATR",DISCOVERER ATR,/image/img034.jpg,Discoverer ATR 再公路驾驶和越野行车的需求之间达成了完美的平衡。独特的内部结构，形成了均匀的接地面，带来均匀磨耗。,/atr_detail.htm,235,70,16
"Discoverer
 ATR",DISCOVERER ATR,/image/img034.jpg,Discoverer ATR 再公路驾驶和越野行车的需求之间达成了完美的平衡。独特的内部结构，形成了均匀的接地面，带来均匀磨耗。,/atr_detail.htm,245,70,16
"Discoverer
 ATR",DISCOVERER ATR,/image/img034.jpg,Discoverer ATR 再公路驾驶和越野行车的需求之间达成了完美的平衡。独特的内部结构，形成了均匀的接地面，带来均匀磨耗。,/atr_detail.htm,255,70,16
"Discoverer
 ATR",DISCOVERER ATR,/image/img034.jpg,Discoverer ATR 再公路驾驶和越野行车的需求之间达成了完美的平衡。独特的内部结构，形成了均匀的接地面，带来均匀磨耗。,/atr_detail.htm,265,70,16
"Discoverer
 ATR",DISCOVERER ATR,/image/img034.jpg,Discoverer ATR 再公路驾驶和越野行车的需求之间达成了完美的平衡。独特的内部结构，形成了均匀的接地面，带来均匀磨耗。,/atr_detail.htm,265,70,18
"Discoverer
 ATR",DISCOVERER ATR,/image/img034.jpg,Discoverer ATR 再公路驾驶和越野行车的需求之间达成了完美的平衡。独特的内部结构，形成了均匀的接地面，带来均匀磨耗。,/atr_detail.htm,305,70,16LT
"Discoverer
 ATR",DISCOVERER ATR,/image/img034.jpg,Discoverer ATR 再公路驾驶和越野行车的需求之间达成了完美的平衡。独特的内部结构，形成了均匀的接地面，带来均匀磨耗。,/atr_detail.htm,265,70,17LT
"Discoverer
 ATR",DISCOVERER ATR,/image/img034.jpg,Discoverer ATR 再公路驾驶和越野行车的需求之间达成了完美的平衡。独特的内部结构，形成了均匀的接地面，带来均匀磨耗。,/atr_detail.htm,275,70,17LT
"Discoverer
 ATR",DISCOVERER ATR,/image/img034.jpg,Discoverer ATR 再公路驾驶和越野行车的需求之间达成了完美的平衡。独特的内部结构，形成了均匀的接地面，带来均匀磨耗。,/atr_detail.htm,285,70,17LT
"Discoverer
 ATR",DISCOVERER ATR,/image/img034.jpg,Discoverer ATR 再公路驾驶和越野行车的需求之间达成了完美的平衡。独特的内部结构，形成了均匀的接地面，带来均匀磨耗。,/atr_detail.htm,315,70,17LT
"Discoverer
 ATR",DISCOVERER ATR,/image/img034.jpg,Discoverer ATR 再公路驾驶和越野行车的需求之间达成了完美的平衡。独特的内部结构，形成了均匀的接地面，带来均匀磨耗。,/atr_detail.htm,215,75,15
"Discoverer
 ATR",DISCOVERER ATR,/image/img034.jpg,Discoverer ATR 再公路驾驶和越野行车的需求之间达成了完美的平衡。独特的内部结构，形成了均匀的接地面，带来均匀磨耗。,/atr_detail.htm,225,75,15
"Discoverer
 ATR",DISCOVERER ATR,/image/img034.jpg,Discoverer ATR 再公路驾驶和越野行车的需求之间达成了完美的平衡。独特的内部结构，形成了均匀的接地面，带来均匀磨耗。,/atr_detail.htm,235,75,15
"Discoverer
 ATR",DISCOVERER ATR,/image/img034.jpg,Discoverer ATR 再公路驾驶和越野行车的需求之间达成了完美的平衡。独特的内部结构，形成了均匀的接地面，带来均匀磨耗。,/atr_detail.htm,225,75,16
"Discoverer
 ATR",DISCOVERER ATR,/image/img034.jpg,Discoverer ATR 再公路驾驶和越野行车的需求之间达成了完美的平衡。独特的内部结构，形成了均匀的接地面，带来均匀磨耗。,/atr_detail.htm,235,75,16
"Discoverer
 ATR",DISCOVERER ATR,/image/img034.jpg,Discoverer ATR 再公路驾驶和越野行车的需求之间达成了完美的平衡。独特的内部结构，形成了均匀的接地面，带来均匀磨耗。,/atr_detail.htm,245,75,16
"Discoverer
 ATR",DISCOVERER ATR,/image/img034.jpg,Discoverer ATR 再公路驾驶和越野行车的需求之间达成了完美的平衡。独特的内部结构，形成了均匀的接地面，带来均匀磨耗。,/atr_detail.htm,265,75,16
"Discoverer
 ATR",DISCOVERER ATR,/image/img034.jpg,Discoverer ATR 再公路驾驶和越野行车的需求之间达成了完美的平衡。独特的内部结构，形成了均匀的接地面，带来均匀磨耗。,/atr_detail.htm,285,75,16LT
"Discoverer
 ATR",DISCOVERER ATR,/image/img034.jpg,Discoverer ATR 再公路驾驶和越野行车的需求之间达成了完美的平衡。独特的内部结构，形成了均匀的接地面，带来均匀磨耗。,/atr_detail.htm,315,75,16LT
"Discoverer
 ATR",DISCOVERER ATR,/image/img034.jpg,Discoverer ATR 再公路驾驶和越野行车的需求之间达成了完美的平衡。独特的内部结构，形成了均匀的接地面，带来均匀磨耗。,/atr_detail.htm,235,80,17LT
"Discoverer
 ATR",DISCOVERER ATR,/image/img034.jpg,Discoverer ATR 再公路驾驶和越野行车的需求之间达成了完美的平衡。独特的内部结构，形成了均匀的接地面，带来均匀磨耗。,/atr_detail.htm,215,85,16LT
"Discoverer
 ATR",DISCOVERER ATR,/image/img034.jpg,Discoverer ATR 再公路驾驶和越野行车的需求之间达成了完美的平衡。独特的内部结构，形成了均匀的接地面，带来均匀磨耗。,/atr_detail.htm,235,85,16LT
Discoverer ATS,DISCOVERER ATS,/image/img035.jpg,固铂纵横者（ATS）是首款由固铂轮胎亚太区技术研发中心自主设计研发的全路况越野轮胎。独特的SUV和LT花纹设计，确保了轮胎在各种道路环境下卓越的操控性能。并且，胎面花纹采用了优化音频设计，有效降低轮胎行使噪音。,/ats_detail.htm,31x10.50,,15LT
Discoverer ATS,DISCOVERER ATS,/image/img035.jpg,固铂纵横者（ATS）是首款由固铂轮胎亚太区技术研发中心自主设计研发的全路况越野轮胎。独特的SUV和LT花纹设计，确保了轮胎在各种道路环境下卓越的操控性能。并且，胎面花纹采用了优化音频设计，有效降低轮胎行使噪音。,/ats_detail.htm,265,65,17
Discoverer ATS,DISCOVERER ATS,/image/img035.jpg,固铂纵横者（ATS）是首款由固铂轮胎亚太区技术研发中心自主设计研发的全路况越野轮胎。独特的SUV和LT花纹设计，确保了轮胎在各种道路环境下卓越的操控性能。并且，胎面花纹采用了优化音频设计，有效降低轮胎行使噪音。,/ats_detail.htm,225,65,17
Discoverer ATS,DISCOVERER ATS,/image/img035.jpg,固铂纵横者（ATS）是首款由固铂轮胎亚太区技术研发中心自主设计研发的全路况越野轮胎。独特的SUV和LT花纹设计，确保了轮胎在各种道路环境下卓越的操控性能。并且，胎面花纹采用了优化音频设计，有效降低轮胎行使噪音。,/ats_detail.htm,235,65,17
Discoverer ATS,DISCOVERER ATS,/image/img035.jpg,固铂纵横者（ATS）是首款由固铂轮胎亚太区技术研发中心自主设计研发的全路况越野轮胎。独特的SUV和LT花纹设计，确保了轮胎在各种道路环境下卓越的操控性能。并且，胎面花纹采用了优化音频设计，有效降低轮胎行使噪音。,/ats_detail.htm,245,65,17
Discoverer ATS,DISCOVERER ATS,/image/img035.jpg,固铂纵横者（ATS）是首款由固铂轮胎亚太区技术研发中心自主设计研发的全路况越野轮胎。独特的SUV和LT花纹设计，确保了轮胎在各种道路环境下卓越的操控性能。并且，胎面花纹采用了优化音频设计，有效降低轮胎行使噪音。,/ats_detail.htm,275,65,17
Discoverer ATS,DISCOVERER ATS,/image/img035.jpg,固铂纵横者（ATS）是首款由固铂轮胎亚太区技术研发中心自主设计研发的全路况越野轮胎。独特的SUV和LT花纹设计，确保了轮胎在各种道路环境下卓越的操控性能。并且，胎面花纹采用了优化音频设计，有效降低轮胎行使噪音。,/ats_detail.htm,265,70,16
Discoverer ATS,DISCOVERER ATS,/image/img035.jpg,固铂纵横者（ATS）是首款由固铂轮胎亚太区技术研发中心自主设计研发的全路况越野轮胎。独特的SUV和LT花纹设计，确保了轮胎在各种道路环境下卓越的操控性能。并且，胎面花纹采用了优化音频设计，有效降低轮胎行使噪音。,/ats_detail.htm,245,70,16
Discoverer ATS,DISCOVERER ATS,/image/img035.jpg,固铂纵横者（ATS）是首款由固铂轮胎亚太区技术研发中心自主设计研发的全路况越野轮胎。独特的SUV和LT花纹设计，确保了轮胎在各种道路环境下卓越的操控性能。并且，胎面花纹采用了优化音频设计，有效降低轮胎行使噪音。,/ats_detail.htm,225,70,16
Discoverer ATS,DISCOVERER ATS,/image/img035.jpg,固铂纵横者（ATS）是首款由固铂轮胎亚太区技术研发中心自主设计研发的全路况越野轮胎。独特的SUV和LT花纹设计，确保了轮胎在各种道路环境下卓越的操控性能。并且，胎面花纹采用了优化音频设计，有效降低轮胎行使噪音。,/ats_detail.htm,205,70,15
Discoverer ATS,DISCOVERER ATS,/image/img035.jpg,固铂纵横者（ATS）是首款由固铂轮胎亚太区技术研发中心自主设计研发的全路况越野轮胎。独特的SUV和LT花纹设计，确保了轮胎在各种道路环境下卓越的操控性能。并且，胎面花纹采用了优化音频设计，有效降低轮胎行使噪音。,/ats_detail.htm,215,70,15
Discoverer ATS,DISCOVERER ATS,/image/img035.jpg,固铂纵横者（ATS）是首款由固铂轮胎亚太区技术研发中心自主设计研发的全路况越野轮胎。独特的SUV和LT花纹设计，确保了轮胎在各种道路环境下卓越的操控性能。并且，胎面花纹采用了优化音频设计，有效降低轮胎行使噪音。,/ats_detail.htm,265,70,17LT
Discoverer ATS,DISCOVERER ATS,/image/img035.jpg,固铂纵横者（ATS）是首款由固铂轮胎亚太区技术研发中心自主设计研发的全路况越野轮胎。独特的SUV和LT花纹设计，确保了轮胎在各种道路环境下卓越的操控性能。并且，胎面花纹采用了优化音频设计，有效降低轮胎行使噪音。,/ats_detail.htm,235,70,16LT
Discoverer ATS,DISCOVERER ATS,/image/img035.jpg,固铂纵横者（ATS）是首款由固铂轮胎亚太区技术研发中心自主设计研发的全路况越野轮胎。独特的SUV和LT花纹设计，确保了轮胎在各种道路环境下卓越的操控性能。并且，胎面花纹采用了优化音频设计，有效降低轮胎行使噪音。,/ats_detail.htm,235,75,15
Discoverer ATS,DISCOVERER ATS,/image/img035.jpg,固铂纵横者（ATS）是首款由固铂轮胎亚太区技术研发中心自主设计研发的全路况越野轮胎。独特的SUV和LT花纹设计，确保了轮胎在各种道路环境下卓越的操控性能。并且，胎面花纹采用了优化音频设计，有效降低轮胎行使噪音。,/ats_detail.htm,215,75,15LT
Discoverer ATS,DISCOVERER ATS,/image/img035.jpg,固铂纵横者（ATS）是首款由固铂轮胎亚太区技术研发中心自主设计研发的全路况越野轮胎。独特的SUV和LT花纹设计，确保了轮胎在各种道路环境下卓越的操控性能。并且，胎面花纹采用了优化音频设计，有效降低轮胎行使噪音。,/ats_detail.htm,245,75,16LT
Discoverer ATS,DISCOVERER ATS,/image/img035.jpg,固铂纵横者（ATS）是首款由固铂轮胎亚太区技术研发中心自主设计研发的全路况越野轮胎。独特的SUV和LT花纹设计，确保了轮胎在各种道路环境下卓越的操控性能。并且，胎面花纹采用了优化音频设计，有效降低轮胎行使噪音。,/ats_detail.htm,265,75,16LT
Discoverer ATS,DISCOVERER ATS,/image/img035.jpg,固铂纵横者（ATS）是首款由固铂轮胎亚太区技术研发中心自主设计研发的全路况越野轮胎。独特的SUV和LT花纹设计，确保了轮胎在各种道路环境下卓越的操控性能。并且，胎面花纹采用了优化音频设计，有效降低轮胎行使噪音。,/ats_detail.htm,235,75,15LT
Discoverer ATS,DISCOVERER ATS,/image/img035.jpg,固铂纵横者（ATS）是首款由固铂轮胎亚太区技术研发中心自主设计研发的全路况越野轮胎。独特的SUV和LT花纹设计，确保了轮胎在各种道路环境下卓越的操控性能。并且，胎面花纹采用了优化音频设计，有效降低轮胎行使噪音。,/ats_detail.htm,225,75,16LT
Discoverer ATS,DISCOVERER ATS,/image/img035.jpg,固铂纵横者（ATS）是首款由固铂轮胎亚太区技术研发中心自主设计研发的全路况越野轮胎。独特的SUV和LT花纹设计，确保了轮胎在各种道路环境下卓越的操控性能。并且，胎面花纹采用了优化音频设计，有效降低轮胎行使噪音。,/ats_detail.htm,235,85,16LT
Discoverer HTS ,DISCOVERER HTS,/image/img036.jpg,固铂针对中高端城市SUV特别推出高性能轮胎DISCOVERER HTS。为在城市生活的您提供舒适静音的驾驶感受并带来更好操控性。,/hts_detail.htm,255,50,19
Discoverer HTS ,DISCOVERER HTS,/image/img036.jpg,固铂针对中高端城市SUV特别推出高性能轮胎DISCOVERER HTS。为在城市生活的您提供舒适静音的驾驶感受并带来更好操控性。,/hts_detail.htm,235,55,17
Discoverer HTS ,DISCOVERER HTS,/image/img036.jpg,固铂针对中高端城市SUV特别推出高性能轮胎DISCOVERER HTS。为在城市生活的您提供舒适静音的驾驶感受并带来更好操控性。,/hts_detail.htm,255,55,18
Discoverer HTS ,DISCOVERER HTS,/image/img036.jpg,固铂针对中高端城市SUV特别推出高性能轮胎DISCOVERER HTS。为在城市生活的您提供舒适静音的驾驶感受并带来更好操控性。,/hts_detail.htm,235,60,16
Discoverer HTS ,DISCOVERER HTS,/image/img036.jpg,固铂针对中高端城市SUV特别推出高性能轮胎DISCOVERER HTS。为在城市生活的您提供舒适静音的驾驶感受并带来更好操控性。,/hts_detail.htm,235,60,18
Discoverer HTS ,DISCOVERER HTS,/image/img036.jpg,固铂针对中高端城市SUV特别推出高性能轮胎DISCOVERER HTS。为在城市生活的您提供舒适静音的驾驶感受并带来更好操控性。,/hts_detail.htm,215,60,17
Discoverer HTS ,DISCOVERER HTS,/image/img036.jpg,固铂针对中高端城市SUV特别推出高性能轮胎DISCOVERER HTS。为在城市生活的您提供舒适静音的驾驶感受并带来更好操控性。,/hts_detail.htm,225,60,17
Discoverer HTS ,DISCOVERER HTS,/image/img036.jpg,固铂针对中高端城市SUV特别推出高性能轮胎DISCOVERER HTS。为在城市生活的您提供舒适静音的驾驶感受并带来更好操控性。,/hts_detail.htm,255,60,17
Discoverer HTS ,DISCOVERER HTS,/image/img036.jpg,固铂针对中高端城市SUV特别推出高性能轮胎DISCOVERER HTS。为在城市生活的您提供舒适静音的驾驶感受并带来更好操控性。,/hts_detail.htm,215,65,16
Discoverer HTS ,DISCOVERER HTS,/image/img036.jpg,固铂针对中高端城市SUV特别推出高性能轮胎DISCOVERER HTS。为在城市生活的您提供舒适静音的驾驶感受并带来更好操控性。,/hts_detail.htm,225,65,17
Discoverer HTS ,DISCOVERER HTS,/image/img036.jpg,固铂针对中高端城市SUV特别推出高性能轮胎DISCOVERER HTS。为在城市生活的您提供舒适静音的驾驶感受并带来更好操控性。,/hts_detail.htm,235,65,17
Discoverer HTS ,DISCOVERER HTS,/image/img036.jpg,固铂针对中高端城市SUV特别推出高性能轮胎DISCOVERER HTS。为在城市生活的您提供舒适静音的驾驶感受并带来更好操控性。,/hts_detail.htm,265,65,17
DISCOVERER XSTA,ZEON XST-A,/image/img037.jpg,Zeon XST-A采用不对称胎面花纹和特殊胎面配方组合，让您的汽车不受湿地或干燥气候的影响，将全天候的牵引性能与舒适的驾驶性能完美结合。,/xst-a_detail.htm,255,55,18
DISCOVERER XSTA,ZEON XST-A,/image/img037.jpg,Zeon XST-A采用不对称胎面花纹和特殊胎面配方组合，让您的汽车不受湿地或干燥气候的影响，将全天候的牵引性能与舒适的驾驶性能完美结合。,/xst-a_detail.htm,255,65,16
DISCOVERER XSTA,ZEON XST-A,/image/img037.jpg,Zeon XST-A采用不对称胎面花纹和特殊胎面配方组合，让您的汽车不受湿地或干燥气候的影响，将全天候的牵引性能与舒适的驾驶性能完美结合。,/xst-a_detail.htm,215,70,16
DISCOVERER XSTA,ZEON XST-A,/image/img037.jpg,Zeon XST-A采用不对称胎面花纹和特殊胎面配方组合，让您的汽车不受湿地或干燥气候的影响，将全天候的牵引性能与舒适的驾驶性能完美结合。,/xst-a_detail.htm,235,70,16
DISCOVERER XSTA,ZEON XST-A,/image/img037.jpg,Zeon XST-A采用不对称胎面花纹和特殊胎面配方组合，让您的汽车不受湿地或干燥气候的影响，将全天候的牵引性能与舒适的驾驶性能完美结合。,/xst-a_detail.htm,245,70,16
DISCOVERER XSTA,ZEON XST-A,/image/img037.jpg,Zeon XST-A采用不对称胎面花纹和特殊胎面配方组合，让您的汽车不受湿地或干燥气候的影响，将全天候的牵引性能与舒适的驾驶性能完美结合。,/xst-a_detail.htm,265,70,16
DISCOVERER XSTA,ZEON XST-A,/image/img037.jpg,Zeon XST-A采用不对称胎面花纹和特殊胎面配方组合，让您的汽车不受湿地或干燥气候的影响，将全天候的牵引性能与舒适的驾驶性能完美结合。,/xst-a_detail.htm,275,70,16
ZEON 4XS,ZEON 4XS,/image/img038.jpg,固铂ZEON 4XS是固铂欧洲技术中心最新研发的城市SUV超高性能轮胎，满足城市及高速公路的需求而设计。产品采用非对称轮胎花纹设计，优异的干湿地抓地力，良好的胎面耐磨度。,/4xs_detail.htm,275,40,20
ZEON 4XS,ZEON 4XS,/image/img038.jpg,固铂ZEON 4XS是固铂欧洲技术中心最新研发的城市SUV超高性能轮胎，满足城市及高速公路的需求而设计。产品采用非对称轮胎花纹设计，优异的干湿地抓地力，良好的胎面耐磨度。,/4xs_detail.htm,275,45,19
ZEON 4XS,ZEON 4XS,/image/img038.jpg,固铂ZEON 4XS是固铂欧洲技术中心最新研发的城市SUV超高性能轮胎，满足城市及高速公路的需求而设计。产品采用非对称轮胎花纹设计，优异的干湿地抓地力，良好的胎面耐磨度。,/4xs_detail.htm,285,45,19
ZEON 4XS,ZEON 4XS,/image/img038.jpg,固铂ZEON 4XS是固铂欧洲技术中心最新研发的城市SUV超高性能轮胎，满足城市及高速公路的需求而设计。产品采用非对称轮胎花纹设计，优异的干湿地抓地力，良好的胎面耐磨度。,/4xs_detail.htm,275,45,20
ZEON 4XS,ZEON 4XS,/image/img038.jpg,固铂ZEON 4XS是固铂欧洲技术中心最新研发的城市SUV超高性能轮胎，满足城市及高速公路的需求而设计。产品采用非对称轮胎花纹设计，优异的干湿地抓地力，良好的胎面耐磨度。,/4xs_detail.htm,255,50,19
ZEON 4XS,ZEON 4XS,/image/img038.jpg,固铂ZEON 4XS是固铂欧洲技术中心最新研发的城市SUV超高性能轮胎，满足城市及高速公路的需求而设计。产品采用非对称轮胎花纹设计，优异的干湿地抓地力，良好的胎面耐磨度。,/4xs_detail.htm,255,50,19
ZEON 4XS,ZEON 4XS,/image/img038.jpg,固铂ZEON 4XS是固铂欧洲技术中心最新研发的城市SUV超高性能轮胎，满足城市及高速公路的需求而设计。产品采用非对称轮胎花纹设计，优异的干湿地抓地力，良好的胎面耐磨度。,/4xs_detail.htm,255,55,18
ZEON 4XS,ZEON 4XS,/image/img038.jpg,固铂ZEON 4XS是固铂欧洲技术中心最新研发的城市SUV超高性能轮胎，满足城市及高速公路的需求而设计。产品采用非对称轮胎花纹设计，优异的干湿地抓地力，良好的胎面耐磨度。,/4xs_detail.htm,255,55,19
ZEON 4XS,ZEON 4XS,/image/img038.jpg,固铂ZEON 4XS是固铂欧洲技术中心最新研发的城市SUV超高性能轮胎，满足城市及高速公路的需求而设计。产品采用非对称轮胎花纹设计，优异的干湿地抓地力，良好的胎面耐磨度。,/4xs_detail.htm,235,60,18
ZEON RS3-S,ZEON RS3-S,/image/img039.jpg,固铂超高性能轮胎家族最新成员“驭动 Zeon RS3-S”极速登场，搭载固铂全新安全系统DAT动态盔甲技术TM，为驾控痴狂的您提供顶级抓地力与高速稳定性。下一秒，马上体验速度与激情的碰撞。,/rs3-s_detail.htm,255,35,18
ZEON RS3-S,ZEON RS3-S,/image/img039.jpg,固铂超高性能轮胎家族最新成员“驭动 Zeon RS3-S”极速登场，搭载固铂全新安全系统DAT动态盔甲技术TM，为驾控痴狂的您提供顶级抓地力与高速稳定性。下一秒，马上体验速度与激情的碰撞。,/rs3-s_detail.htm,255,35,19
ZEON RS3-S,ZEON RS3-S,/image/img039.jpg,固铂超高性能轮胎家族最新成员“驭动 Zeon RS3-S”极速登场，搭载固铂全新安全系统DAT动态盔甲技术TM，为驾控痴狂的您提供顶级抓地力与高速稳定性。下一秒，马上体验速度与激情的碰撞。,/rs3-s_detail.htm,225,40,18
ZEON RS3-S,ZEON RS3-S,/image/img039.jpg,固铂超高性能轮胎家族最新成员“驭动 Zeon RS3-S”极速登场，搭载固铂全新安全系统DAT动态盔甲技术TM，为驾控痴狂的您提供顶级抓地力与高速稳定性。下一秒，马上体验速度与激情的碰撞。,/rs3-s_detail.htm,245,40,18
ZEON RS3-S,ZEON RS3-S,/image/img039.jpg,固铂超高性能轮胎家族最新成员“驭动 Zeon RS3-S”极速登场，搭载固铂全新安全系统DAT动态盔甲技术TM，为驾控痴狂的您提供顶级抓地力与高速稳定性。下一秒，马上体验速度与激情的碰撞。,/rs3-s_detail.htm,255,40,18
ZEON RS3-S,ZEON RS3-S,/image/img039.jpg,固铂超高性能轮胎家族最新成员“驭动 Zeon RS3-S”极速登场，搭载固铂全新安全系统DAT动态盔甲技术TM，为驾控痴狂的您提供顶级抓地力与高速稳定性。下一秒，马上体验速度与激情的碰撞。,/rs3-s_detail.htm,275,40,20
ZEON RS3-S,ZEON RS3-S,/image/img039.jpg,固铂超高性能轮胎家族最新成员“驭动 Zeon RS3-S”极速登场，搭载固铂全新安全系统DAT动态盔甲技术TM，为驾控痴狂的您提供顶级抓地力与高速稳定性。下一秒，马上体验速度与激情的碰撞。,/rs3-s_detail.htm,275,40,18
ZEON RS3-S,ZEON RS3-S,/image/img039.jpg,固铂超高性能轮胎家族最新成员“驭动 Zeon RS3-S”极速登场，搭载固铂全新安全系统DAT动态盔甲技术TM，为驾控痴狂的您提供顶级抓地力与高速稳定性。下一秒，马上体验速度与激情的碰撞。,/rs3-s_detail.htm,235,40,18
ZEON RS3-S,ZEON RS3-S,/image/img039.jpg,固铂超高性能轮胎家族最新成员“驭动 Zeon RS3-S”极速登场，搭载固铂全新安全系统DAT动态盔甲技术TM，为驾控痴狂的您提供顶级抓地力与高速稳定性。下一秒，马上体验速度与激情的碰撞。,/rs3-s_detail.htm,275,40,17
ZEON RS3-S,ZEON RS3-S,/image/img039.jpg,固铂超高性能轮胎家族最新成员“驭动 Zeon RS3-S”极速登场，搭载固铂全新安全系统DAT动态盔甲技术TM，为驾控痴狂的您提供顶级抓地力与高速稳定性。下一秒，马上体验速度与激情的碰撞。,/rs3-s_detail.htm,245,45,17
ZEON RS3-S,ZEON RS3-S,/image/img039.jpg,固铂超高性能轮胎家族最新成员“驭动 Zeon RS3-S”极速登场，搭载固铂全新安全系统DAT动态盔甲技术TM，为驾控痴狂的您提供顶级抓地力与高速稳定性。下一秒，马上体验速度与激情的碰撞。,/rs3-s_detail.htm,225,45,17
ZEON RS3-S,ZEON RS3-S,/image/img039.jpg,固铂超高性能轮胎家族最新成员“驭动 Zeon RS3-S”极速登场，搭载固铂全新安全系统DAT动态盔甲技术TM，为驾控痴狂的您提供顶级抓地力与高速稳定性。下一秒，马上体验速度与激情的碰撞。,/rs3-s_detail.htm,235,45,17
ZEON RS3-S,ZEON RS3-S,/image/img039.jpg,固铂超高性能轮胎家族最新成员“驭动 Zeon RS3-S”极速登场，搭载固铂全新安全系统DAT动态盔甲技术TM，为驾控痴狂的您提供顶级抓地力与高速稳定性。下一秒，马上体验速度与激情的碰撞。,/rs3-s_detail.htm,245,45,18
ZEON RS3-S,ZEON RS3-S,/image/img039.jpg,固铂超高性能轮胎家族最新成员“驭动 Zeon RS3-S”极速登场，搭载固铂全新安全系统DAT动态盔甲技术TM，为驾控痴狂的您提供顶级抓地力与高速稳定性。下一秒，马上体验速度与激情的碰撞。,/rs3-s_detail.htm,245,45,20
ZEON RS3-S,ZEON RS3-S,/image/img039.jpg,固铂超高性能轮胎家族最新成员“驭动 Zeon RS3-S”极速登场，搭载固铂全新安全系统DAT动态盔甲技术TM，为驾控痴狂的您提供顶级抓地力与高速稳定性。下一秒，马上体验速度与激情的碰撞。,/rs3-s_detail.htm,225,45,18
ZEON RS3-S,ZEON RS3-S,/image/img039.jpg,固铂超高性能轮胎家族最新成员“驭动 Zeon RS3-S”极速登场，搭载固铂全新安全系统DAT动态盔甲技术TM，为驾控痴狂的您提供顶级抓地力与高速稳定性。下一秒，马上体验速度与激情的碰撞。,/rs3-s_detail.htm,205,50,17
ZEON RS3-S,ZEON RS3-S,/image/img039.jpg,固铂超高性能轮胎家族最新成员“驭动 Zeon RS3-S”极速登场，搭载固铂全新安全系统DAT动态盔甲技术TM，为驾控痴狂的您提供顶级抓地力与高速稳定性。下一秒，马上体验速度与激情的碰撞。,/rs3-s_detail.htm,225,50,17
ZEON RS3-S,ZEON RS3-S,/image/img039.jpg,固铂超高性能轮胎家族最新成员“驭动 Zeon RS3-S”极速登场，搭载固铂全新安全系统DAT动态盔甲技术TM，为驾控痴狂的您提供顶级抓地力与高速稳定性。下一秒，马上体验速度与激情的碰撞。,/rs3-s_detail.htm,235,50,18
ZEON RS3-S,ZEON RS3-S,/image/img039.jpg,固铂超高性能轮胎家族最新成员“驭动 Zeon RS3-S”极速登场，搭载固铂全新安全系统DAT动态盔甲技术TM，为驾控痴狂的您提供顶级抓地力与高速稳定性。下一秒，马上体验速度与激情的碰撞。,/rs3-s_detail.htm,235,55,17
ZEON RS3-A,ZEON RS3-A,/image/img0310.jpg,固铂超高性能轮胎家族最新成员“驭行 Zeon RS3-A”极速登场，搭载固铂全新安全系统DAT动态盔甲技术TM，为您全天候的驾控提供卓越的干湿地抓地力与弯道稳定性。,/rs3-a_detail.htm,255,35,19
ZEON RS3-A,ZEON RS3-A,/image/img0310.jpg,固铂超高性能轮胎家族最新成员“驭行 Zeon RS3-A”极速登场，搭载固铂全新安全系统DAT动态盔甲技术TM，为您全天候的驾控提供卓越的干湿地抓地力与弯道稳定性。,/rs3-a_detail.htm,275,35,18
ZEON RS3-A,ZEON RS3-A,/image/img0310.jpg,固铂超高性能轮胎家族最新成员“驭行 Zeon RS3-A”极速登场，搭载固铂全新安全系统DAT动态盔甲技术TM，为您全天候的驾控提供卓越的干湿地抓地力与弯道稳定性。,/rs3-a_detail.htm,225,40,18
ZEON RS3-A,ZEON RS3-A,/image/img0310.jpg,固铂超高性能轮胎家族最新成员“驭行 Zeon RS3-A”极速登场，搭载固铂全新安全系统DAT动态盔甲技术TM，为您全天候的驾控提供卓越的干湿地抓地力与弯道稳定性。,/rs3-a_detail.htm,245,40,18
ZEON RS3-A,ZEON RS3-A,/image/img0310.jpg,固铂超高性能轮胎家族最新成员“驭行 Zeon RS3-A”极速登场，搭载固铂全新安全系统DAT动态盔甲技术TM，为您全天候的驾控提供卓越的干湿地抓地力与弯道稳定性。,/rs3-a_detail.htm,255,40,19
ZEON RS3-A,ZEON RS3-A,/image/img0310.jpg,固铂超高性能轮胎家族最新成员“驭行 Zeon RS3-A”极速登场，搭载固铂全新安全系统DAT动态盔甲技术TM，为您全天候的驾控提供卓越的干湿地抓地力与弯道稳定性。,/rs3-a_detail.htm,275,40,19
ZEON RS3-A,ZEON RS3-A,/image/img0310.jpg,固铂超高性能轮胎家族最新成员“驭行 Zeon RS3-A”极速登场，搭载固铂全新安全系统DAT动态盔甲技术TM，为您全天候的驾控提供卓越的干湿地抓地力与弯道稳定性。,/rs3-a_detail.htm,255,40,17
ZEON RS3-A,ZEON RS3-A,/image/img0310.jpg,固铂超高性能轮胎家族最新成员“驭行 Zeon RS3-A”极速登场，搭载固铂全新安全系统DAT动态盔甲技术TM，为您全天候的驾控提供卓越的干湿地抓地力与弯道稳定性。,/rs3-a_detail.htm,205,40,17
ZEON RS3-A,ZEON RS3-A,/image/img0310.jpg,固铂超高性能轮胎家族最新成员“驭行 Zeon RS3-A”极速登场，搭载固铂全新安全系统DAT动态盔甲技术TM，为您全天候的驾控提供卓越的干湿地抓地力与弯道稳定性。,/rs3-a_detail.htm,235,40,18
ZEON RS3-A,ZEON RS3-A,/image/img0310.jpg,固铂超高性能轮胎家族最新成员“驭行 Zeon RS3-A”极速登场，搭载固铂全新安全系统DAT动态盔甲技术TM，为您全天候的驾控提供卓越的干湿地抓地力与弯道稳定性。,/rs3-a_detail.htm,245,40,19
ZEON RS3-A,ZEON RS3-A,/image/img0310.jpg,固铂超高性能轮胎家族最新成员“驭行 Zeon RS3-A”极速登场，搭载固铂全新安全系统DAT动态盔甲技术TM，为您全天候的驾控提供卓越的干湿地抓地力与弯道稳定性。,/rs3-a_detail.htm,275,40,17
ZEON RS3-A,ZEON RS3-A,/image/img0310.jpg,固铂超高性能轮胎家族最新成员“驭行 Zeon RS3-A”极速登场，搭载固铂全新安全系统DAT动态盔甲技术TM，为您全天候的驾控提供卓越的干湿地抓地力与弯道稳定性。,/rs3-a_detail.htm,225,45,17
ZEON RS3-A,ZEON RS3-A,/image/img0310.jpg,固铂超高性能轮胎家族最新成员“驭行 Zeon RS3-A”极速登场，搭载固铂全新安全系统DAT动态盔甲技术TM，为您全天候的驾控提供卓越的干湿地抓地力与弯道稳定性。,/rs3-a_detail.htm,245,45,17
ZEON RS3-A,ZEON RS3-A,/image/img0310.jpg,固铂超高性能轮胎家族最新成员“驭行 Zeon RS3-A”极速登场，搭载固铂全新安全系统DAT动态盔甲技术TM，为您全天候的驾控提供卓越的干湿地抓地力与弯道稳定性。,/rs3-a_detail.htm,235,45,17
ZEON RS3-A,ZEON RS3-A,/image/img0310.jpg,固铂超高性能轮胎家族最新成员“驭行 Zeon RS3-A”极速登场，搭载固铂全新安全系统DAT动态盔甲技术TM，为您全天候的驾控提供卓越的干湿地抓地力与弯道稳定性。,/rs3-a_detail.htm,215,45,17
ZEON RS3-A,ZEON RS3-A,/image/img0310.jpg,固铂超高性能轮胎家族最新成员“驭行 Zeon RS3-A”极速登场，搭载固铂全新安全系统DAT动态盔甲技术TM，为您全天候的驾控提供卓越的干湿地抓地力与弯道稳定性。,/rs3-a_detail.htm,245,45,18
ZEON RS3-A,ZEON RS3-A,/image/img0310.jpg,固铂超高性能轮胎家族最新成员“驭行 Zeon RS3-A”极速登场，搭载固铂全新安全系统DAT动态盔甲技术TM，为您全天候的驾控提供卓越的干湿地抓地力与弯道稳定性。,/rs3-a_detail.htm,225,45,18
ZEON RS3-A,ZEON RS3-A,/image/img0310.jpg,固铂超高性能轮胎家族最新成员“驭行 Zeon RS3-A”极速登场，搭载固铂全新安全系统DAT动态盔甲技术TM，为您全天候的驾控提供卓越的干湿地抓地力与弯道稳定性。,/rs3-a_detail.htm,255,45,18
ZEON RS3-A,ZEON RS3-A,/image/img0310.jpg,固铂超高性能轮胎家族最新成员“驭行 Zeon RS3-A”极速登场，搭载固铂全新安全系统DAT动态盔甲技术TM，为您全天候的驾控提供卓越的干湿地抓地力与弯道稳定性。,/rs3-a_detail.htm,205,45,17
ZEON RS3-A,ZEON RS3-A,/image/img0310.jpg,固铂超高性能轮胎家族最新成员“驭行 Zeon RS3-A”极速登场，搭载固铂全新安全系统DAT动态盔甲技术TM，为您全天候的驾控提供卓越的干湿地抓地力与弯道稳定性。,/rs3-a_detail.htm,215,45,18
ZEON RS3-A,ZEON RS3-A,/image/img0310.jpg,固铂超高性能轮胎家族最新成员“驭行 Zeon RS3-A”极速登场，搭载固铂全新安全系统DAT动态盔甲技术TM，为您全天候的驾控提供卓越的干湿地抓地力与弯道稳定性。,/rs3-a_detail.htm,205,50,17
ZEON RS3-A,ZEON RS3-A,/image/img0310.jpg,固铂超高性能轮胎家族最新成员“驭行 Zeon RS3-A”极速登场，搭载固铂全新安全系统DAT动态盔甲技术TM，为您全天候的驾控提供卓越的干湿地抓地力与弯道稳定性。,/rs3-a_detail.htm,225,50,17
ZEON RS3-A,ZEON RS3-A,/image/img0310.jpg,固铂超高性能轮胎家族最新成员“驭行 Zeon RS3-A”极速登场，搭载固铂全新安全系统DAT动态盔甲技术TM，为您全天候的驾控提供卓越的干湿地抓地力与弯道稳定性。,/rs3-a_detail.htm,245,50,16
ZEON RS3-A,ZEON RS3-A,/image/img0310.jpg,固铂超高性能轮胎家族最新成员“驭行 Zeon RS3-A”极速登场，搭载固铂全新安全系统DAT动态盔甲技术TM，为您全天候的驾控提供卓越的干湿地抓地力与弯道稳定性。,/rs3-a_detail.htm,235,50,17
ZEON RS3-A,ZEON RS3-A,/image/img0310.jpg,固铂超高性能轮胎家族最新成员“驭行 Zeon RS3-A”极速登场，搭载固铂全新安全系统DAT动态盔甲技术TM，为您全天候的驾控提供卓越的干湿地抓地力与弯道稳定性。,/rs3-a_detail.htm,225,50,16
ZEON RS3-A,ZEON RS3-A,/image/img0310.jpg,固铂超高性能轮胎家族最新成员“驭行 Zeon RS3-A”极速登场，搭载固铂全新安全系统DAT动态盔甲技术TM，为您全天候的驾控提供卓越的干湿地抓地力与弯道稳定性。,/rs3-a_detail.htm,215,50,17
ZEON RS3-A,ZEON RS3-A,/image/img0310.jpg,固铂超高性能轮胎家族最新成员“驭行 Zeon RS3-A”极速登场，搭载固铂全新安全系统DAT动态盔甲技术TM，为您全天候的驾控提供卓越的干湿地抓地力与弯道稳定性。,/rs3-a_detail.htm,225,50,18
ZEON RS3-A,ZEON RS3-A,/image/img0310.jpg,固铂超高性能轮胎家族最新成员“驭行 Zeon RS3-A”极速登场，搭载固铂全新安全系统DAT动态盔甲技术TM，为您全天候的驾控提供卓越的干湿地抓地力与弯道稳定性。,/rs3-a_detail.htm,235,50,18
ZEON RS3-A,ZEON RS3-A,/image/img0310.jpg,固铂超高性能轮胎家族最新成员“驭行 Zeon RS3-A”极速登场，搭载固铂全新安全系统DAT动态盔甲技术TM，为您全天候的驾控提供卓越的干湿地抓地力与弯道稳定性。,/rs3-a_detail.htm,245,50,19
ZEON RS3-A,ZEON RS3-A,/image/img0310.jpg,固铂超高性能轮胎家族最新成员“驭行 Zeon RS3-A”极速登场，搭载固铂全新安全系统DAT动态盔甲技术TM，为您全天候的驾控提供卓越的干湿地抓地力与弯道稳定性。,/rs3-a_detail.htm,205,55,16
ZEON RS3-A,ZEON RS3-A,/image/img0310.jpg,固铂超高性能轮胎家族最新成员“驭行 Zeon RS3-A”极速登场，搭载固铂全新安全系统DAT动态盔甲技术TM，为您全天候的驾控提供卓越的干湿地抓地力与弯道稳定性。,/rs3-a_detail.htm,235,55,17
ZEON RS3-A,ZEON RS3-A,/image/img0310.jpg,固铂超高性能轮胎家族最新成员“驭行 Zeon RS3-A”极速登场，搭载固铂全新安全系统DAT动态盔甲技术TM，为您全天候的驾控提供卓越的干湿地抓地力与弯道稳定性。,/rs3-a_detail.htm,225,55,16
ZEON RS3-A,ZEON RS3-A,/image/img0310.jpg,固铂超高性能轮胎家族最新成员“驭行 Zeon RS3-A”极速登场，搭载固铂全新安全系统DAT动态盔甲技术TM，为您全天候的驾控提供卓越的干湿地抓地力与弯道稳定性。,/rs3-a_detail.htm,215,55,16
ZEON RS3-A,ZEON RS3-A,/image/img0310.jpg,固铂超高性能轮胎家族最新成员“驭行 Zeon RS3-A”极速登场，搭载固铂全新安全系统DAT动态盔甲技术TM，为您全天候的驾控提供卓越的干湿地抓地力与弯道稳定性。,/rs3-a_detail.htm,215,55,17
ZEON RS3-A,ZEON RS3-A,/image/img0310.jpg,固铂超高性能轮胎家族最新成员“驭行 Zeon RS3-A”极速登场，搭载固铂全新安全系统DAT动态盔甲技术TM，为您全天候的驾控提供卓越的干湿地抓地力与弯道稳定性。,/rs3-a_detail.htm,245,55,18
ZEON ASP,ZEON ASP,/image/img0311.jpg,ZEON ASP专为中国的驾车人士度身定制，四道沟槽设计和各种条纹设计使ZEON ASP具备动力之外的另一个优势——操控。,/asp_detail.htm,215,40,17
ZEON ASP,ZEON ASP,/image/img0311.jpg,ZEON ASP专为中国的驾车人士度身定制，四道沟槽设计和各种条纹设计使ZEON ASP具备动力之外的另一个优势——操控。,/asp_detail.htm,245,45,17
ZEON ASP,ZEON ASP,/image/img0311.jpg,ZEON ASP专为中国的驾车人士度身定制，四道沟槽设计和各种条纹设计使ZEON ASP具备动力之外的另一个优势——操控。,/asp_detail.htm,215,45,17
ZEON ASP,ZEON ASP,/image/img0311.jpg,ZEON ASP专为中国的驾车人士度身定制，四道沟槽设计和各种条纹设计使ZEON ASP具备动力之外的另一个优势——操控。,/asp_detail.htm,225,45,17
ZEON ASP,ZEON ASP,/image/img0311.jpg,ZEON ASP专为中国的驾车人士度身定制，四道沟槽设计和各种条纹设计使ZEON ASP具备动力之外的另一个优势——操控。,/asp_detail.htm,235,45,17
ZEON ASP,ZEON ASP,/image/img0311.jpg,ZEON ASP专为中国的驾车人士度身定制，四道沟槽设计和各种条纹设计使ZEON ASP具备动力之外的另一个优势——操控。,/asp_detail.htm,195,50,15
ZEON ASP,ZEON ASP,/image/img0311.jpg,ZEON ASP专为中国的驾车人士度身定制，四道沟槽设计和各种条纹设计使ZEON ASP具备动力之外的另一个优势——操控。,/asp_detail.htm,205,50,16
ZEON ASP,ZEON ASP,/image/img0311.jpg,ZEON ASP专为中国的驾车人士度身定制，四道沟槽设计和各种条纹设计使ZEON ASP具备动力之外的另一个优势——操控。,/asp_detail.htm,215,50,17
ZEON ASP,ZEON ASP,/image/img0311.jpg,ZEON ASP专为中国的驾车人士度身定制，四道沟槽设计和各种条纹设计使ZEON ASP具备动力之外的另一个优势——操控。,/asp_detail.htm,225,50,16
ZEON ASP,ZEON ASP,/image/img0311.jpg,ZEON ASP专为中国的驾车人士度身定制，四道沟槽设计和各种条纹设计使ZEON ASP具备动力之外的另一个优势——操控。,/asp_detail.htm,225,50,17
ZEON ASP,ZEON ASP,/image/img0311.jpg,ZEON ASP专为中国的驾车人士度身定制，四道沟槽设计和各种条纹设计使ZEON ASP具备动力之外的另一个优势——操控。,/asp_detail.htm,245,50,18
ZEON ASP,ZEON ASP,/image/img0311.jpg,ZEON ASP专为中国的驾车人士度身定制，四道沟槽设计和各种条纹设计使ZEON ASP具备动力之外的另一个优势——操控。,/asp_detail.htm,185,55,15
ZEON ASP,ZEON ASP,/image/img0311.jpg,ZEON ASP专为中国的驾车人士度身定制，四道沟槽设计和各种条纹设计使ZEON ASP具备动力之外的另一个优势——操控。,/asp_detail.htm,195,55,15
ZEON ASP,ZEON ASP,/image/img0311.jpg,ZEON ASP专为中国的驾车人士度身定制，四道沟槽设计和各种条纹设计使ZEON ASP具备动力之外的另一个优势——操控。,/asp_detail.htm,205,55,16
ZEON ASP,ZEON ASP,/image/img0311.jpg,ZEON ASP专为中国的驾车人士度身定制，四道沟槽设计和各种条纹设计使ZEON ASP具备动力之外的另一个优势——操控。,/asp_detail.htm,205,55,16
ZEON ASP,ZEON ASP,/image/img0311.jpg,ZEON ASP专为中国的驾车人士度身定制，四道沟槽设计和各种条纹设计使ZEON ASP具备动力之外的另一个优势——操控。,/asp_detail.htm,215,55,16
ZEON ASP,ZEON ASP,/image/img0311.jpg,ZEON ASP专为中国的驾车人士度身定制，四道沟槽设计和各种条纹设计使ZEON ASP具备动力之外的另一个优势——操控。,/asp_detail.htm,225,55,17
ZEON ASP,ZEON ASP,/image/img0311.jpg,ZEON ASP专为中国的驾车人士度身定制，四道沟槽设计和各种条纹设计使ZEON ASP具备动力之外的另一个优势——操控。,/asp_detail.htm,225,55,16
ZEON ASP,ZEON ASP,/image/img0311.jpg,ZEON ASP专为中国的驾车人士度身定制，四道沟槽设计和各种条纹设计使ZEON ASP具备动力之外的另一个优势——操控。,/asp_detail.htm,215,55,17
ZEON ASP,ZEON ASP,/image/img0311.jpg,ZEON ASP专为中国的驾车人士度身定制，四道沟槽设计和各种条纹设计使ZEON ASP具备动力之外的另一个优势——操控。,/asp_detail.htm,235,55,17
ZEON ASP,ZEON ASP,/image/img0311.jpg,ZEON ASP专为中国的驾车人士度身定制，四道沟槽设计和各种条纹设计使ZEON ASP具备动力之外的另一个优势——操控。,/asp_detail.htm,195,60,15
ZEON ASP,ZEON ASP,/image/img0311.jpg,ZEON ASP专为中国的驾车人士度身定制，四道沟槽设计和各种条纹设计使ZEON ASP具备动力之外的另一个优势——操控。,/asp_detail.htm,205,60,15
ZEON ASP,ZEON ASP,/image/img0311.jpg,ZEON ASP专为中国的驾车人士度身定制，四道沟槽设计和各种条纹设计使ZEON ASP具备动力之外的另一个优势——操控。,/asp_detail.htm,205,60,16
ZEON ASP,ZEON ASP,/image/img0311.jpg,ZEON ASP专为中国的驾车人士度身定制，四道沟槽设计和各种条纹设计使ZEON ASP具备动力之外的另一个优势——操控。,/asp_detail.htm,215,60,15
ZEON ASP,ZEON ASP,/image/img0311.jpg,ZEON ASP专为中国的驾车人士度身定制，四道沟槽设计和各种条纹设计使ZEON ASP具备动力之外的另一个优势——操控。,/asp_detail.htm,215,60,16
ZEON ASP,ZEON ASP,/image/img0311.jpg,ZEON ASP专为中国的驾车人士度身定制，四道沟槽设计和各种条纹设计使ZEON ASP具备动力之外的另一个优势——操控。,/asp_detail.htm,225,60,16
ZEON ASP,ZEON ASP,/image/img0311.jpg,ZEON ASP专为中国的驾车人士度身定制，四道沟槽设计和各种条纹设计使ZEON ASP具备动力之外的另一个优势——操控。,/asp_detail.htm,235,60,16
ZEON ASP,ZEON ASP,/image/img0311.jpg,ZEON ASP专为中国的驾车人士度身定制，四道沟槽设计和各种条纹设计使ZEON ASP具备动力之外的另一个优势——操控。,/asp_detail.htm,225,60,17
ZEON ASP,ZEON ASP,/image/img0311.jpg,ZEON ASP专为中国的驾车人士度身定制，四道沟槽设计和各种条纹设计使ZEON ASP具备动力之外的另一个优势——操控。,/asp_detail.htm,235,60,18
ZEON ASP,ZEON ASP,/image/img0311.jpg,ZEON ASP专为中国的驾车人士度身定制，四道沟槽设计和各种条纹设计使ZEON ASP具备动力之外的另一个优势——操控。,/asp_detail.htm,195,65,15
ZEON ASP,ZEON ASP,/image/img0311.jpg,ZEON ASP专为中国的驾车人士度身定制，四道沟槽设计和各种条纹设计使ZEON ASP具备动力之外的另一个优势——操控。,/asp_detail.htm,205,65,15
ZEON ASP,ZEON ASP,/image/img0311.jpg,ZEON ASP专为中国的驾车人士度身定制，四道沟槽设计和各种条纹设计使ZEON ASP具备动力之外的另一个优势——操控。,/asp_detail.htm,205,65,16
ZEON ASP,ZEON ASP,/image/img0311.jpg,ZEON ASP专为中国的驾车人士度身定制，四道沟槽设计和各种条纹设计使ZEON ASP具备动力之外的另一个优势——操控。,/asp_detail.htm,215,65,15
ZEON ASP,ZEON ASP,/image/img0311.jpg,ZEON ASP专为中国的驾车人士度身定制，四道沟槽设计和各种条纹设计使ZEON ASP具备动力之外的另一个优势——操控。,/asp_detail.htm,215,65,16
Lifeliner GLS,Lifeliner GLS,/image/img0312.jpg,LIFELINER GLS有着H/V两个速度级别，最高时速分别为210公里/小时和240公里/小时。消费者可以选择与其车型相匹配的替换胎来提升整车性能。,/gls_detail.htm,215,50,17
Lifeliner GLS,Lifeliner GLS,/image/img0312.jpg,LIFELINER GLS有着H/V两个速度级别，最高时速分别为210公里/小时和240公里/小时。消费者可以选择与其车型相匹配的替换胎来提升整车性能。,/gls_detail.htm,225,50,17
Lifeliner GLS,Lifeliner GLS,/image/img0312.jpg,LIFELINER GLS有着H/V两个速度级别，最高时速分别为210公里/小时和240公里/小时。消费者可以选择与其车型相匹配的替换胎来提升整车性能。,/gls_detail.htm,215,55,16
Lifeliner GLS,Lifeliner GLS,/image/img0312.jpg,LIFELINER GLS有着H/V两个速度级别，最高时速分别为210公里/小时和240公里/小时。消费者可以选择与其车型相匹配的替换胎来提升整车性能。,/gls_detail.htm,205,55,16
Lifeliner GLS,Lifeliner GLS,/image/img0312.jpg,LIFELINER GLS有着H/V两个速度级别，最高时速分别为210公里/小时和240公里/小时。消费者可以选择与其车型相匹配的替换胎来提升整车性能。,/gls_detail.htm,225,55,16
Lifeliner GLS,Lifeliner GLS,/image/img0312.jpg,LIFELINER GLS有着H/V两个速度级别，最高时速分别为210公里/小时和240公里/小时。消费者可以选择与其车型相匹配的替换胎来提升整车性能。,/gls_detail.htm,215,55,17
Lifeliner GLS,Lifeliner GLS,/image/img0312.jpg,LIFELINER GLS有着H/V两个速度级别，最高时速分别为210公里/小时和240公里/小时。消费者可以选择与其车型相匹配的替换胎来提升整车性能。,/gls_detail.htm,195,60,15
Lifeliner GLS,Lifeliner GLS,/image/img0312.jpg,LIFELINER GLS有着H/V两个速度级别，最高时速分别为210公里/小时和240公里/小时。消费者可以选择与其车型相匹配的替换胎来提升整车性能。,/gls_detail.htm,205,60,15
Lifeliner GLS,Lifeliner GLS,/image/img0312.jpg,LIFELINER GLS有着H/V两个速度级别，最高时速分别为210公里/小时和240公里/小时。消费者可以选择与其车型相匹配的替换胎来提升整车性能。,/gls_detail.htm,225,60,16
Lifeliner GLS,Lifeliner GLS,/image/img0312.jpg,LIFELINER GLS有着H/V两个速度级别，最高时速分别为210公里/小时和240公里/小时。消费者可以选择与其车型相匹配的替换胎来提升整车性能。,/gls_detail.htm,205,60,16
Lifeliner GLS,Lifeliner GLS,/image/img0312.jpg,LIFELINER GLS有着H/V两个速度级别，最高时速分别为210公里/小时和240公里/小时。消费者可以选择与其车型相匹配的替换胎来提升整车性能。,/gls_detail.htm,215,60,16
Lifeliner GLS,Lifeliner GLS,/image/img0312.jpg,LIFELINER GLS有着H/V两个速度级别，最高时速分别为210公里/小时和240公里/小时。消费者可以选择与其车型相匹配的替换胎来提升整车性能。,/gls_detail.htm,195,65,15
Lifeliner GLS,Lifeliner GLS,/image/img0312.jpg,LIFELINER GLS有着H/V两个速度级别，最高时速分别为210公里/小时和240公里/小时。消费者可以选择与其车型相匹配的替换胎来提升整车性能。,/gls_detail.htm,205,65,15
ZEON ATP,ZEON ATP,/image/img0313.jpg,ZEON ATP专为想最大限度地利用每一滴汽油的驾车者而设计。它的胶料配方精心设计，可确保轮胎寿命达到最长。,/atp_detail.htm,195,50,15
ZEON ATP,ZEON ATP,/image/img0313.jpg,ZEON ATP专为想最大限度地利用每一滴汽油的驾车者而设计。它的胶料配方精心设计，可确保轮胎寿命达到最长。,/atp_detail.htm,195,55,15
ZEON ATP,ZEON ATP,/image/img0313.jpg,ZEON ATP专为想最大限度地利用每一滴汽油的驾车者而设计。它的胶料配方精心设计，可确保轮胎寿命达到最长。,/atp_detail.htm,205,55,16
ZEON ATP,ZEON ATP,/image/img0313.jpg,ZEON ATP专为想最大限度地利用每一滴汽油的驾车者而设计。它的胶料配方精心设计，可确保轮胎寿命达到最长。,/atp_detail.htm,225,55,16
ZEON ATP,ZEON ATP,/image/img0313.jpg,ZEON ATP专为想最大限度地利用每一滴汽油的驾车者而设计。它的胶料配方精心设计，可确保轮胎寿命达到最长。,/atp_detail.htm,215,55,16
ZEON ATP,ZEON ATP,/image/img0313.jpg,ZEON ATP专为想最大限度地利用每一滴汽油的驾车者而设计。它的胶料配方精心设计，可确保轮胎寿命达到最长。,/atp_detail.htm,185,60,14
ZEON ATP,ZEON ATP,/image/img0313.jpg,ZEON ATP专为想最大限度地利用每一滴汽油的驾车者而设计。它的胶料配方精心设计，可确保轮胎寿命达到最长。,/atp_detail.htm,195,60,14
ZEON ATP,ZEON ATP,/image/img0313.jpg,ZEON ATP专为想最大限度地利用每一滴汽油的驾车者而设计。它的胶料配方精心设计，可确保轮胎寿命达到最长。,/atp_detail.htm,185,60,15
ZEON ATP,ZEON ATP,/image/img0313.jpg,ZEON ATP专为想最大限度地利用每一滴汽油的驾车者而设计。它的胶料配方精心设计，可确保轮胎寿命达到最长。,/atp_detail.htm,195,60,15
ZEON ATP,ZEON ATP,/image/img0313.jpg,ZEON ATP专为想最大限度地利用每一滴汽油的驾车者而设计。它的胶料配方精心设计，可确保轮胎寿命达到最长。,/atp_detail.htm,205,60,15
ZEON ATP,ZEON ATP,/image/img0313.jpg,ZEON ATP专为想最大限度地利用每一滴汽油的驾车者而设计。它的胶料配方精心设计，可确保轮胎寿命达到最长。,/atp_detail.htm,215,60,16
ZEON ATP,ZEON ATP,/image/img0313.jpg,ZEON ATP专为想最大限度地利用每一滴汽油的驾车者而设计。它的胶料配方精心设计，可确保轮胎寿命达到最长。,/atp_detail.htm,225,60,16
ZEON ATP,ZEON ATP,/image/img0313.jpg,ZEON ATP专为想最大限度地利用每一滴汽油的驾车者而设计。它的胶料配方精心设计，可确保轮胎寿命达到最长。,/atp_detail.htm,195,65,15
ZEON ATP,ZEON ATP,/image/img0313.jpg,ZEON ATP专为想最大限度地利用每一滴汽油的驾车者而设计。它的胶料配方精心设计，可确保轮胎寿命达到最长。,/atp_detail.htm,205,65,15
ZEON ATP,ZEON ATP,/image/img0313.jpg,ZEON ATP专为想最大限度地利用每一滴汽油的驾车者而设计。它的胶料配方精心设计，可确保轮胎寿命达到最长。,/atp_detail.htm,175,65,14
ZEON ATP,ZEON ATP,/image/img0313.jpg,ZEON ATP专为想最大限度地利用每一滴汽油的驾车者而设计。它的胶料配方精心设计，可确保轮胎寿命达到最长。,/atp_detail.htm,185,65,14
ZEON ATP,ZEON ATP,/image/img0313.jpg,ZEON ATP专为想最大限度地利用每一滴汽油的驾车者而设计。它的胶料配方精心设计，可确保轮胎寿命达到最长。,/atp_detail.htm,185,65,15
ZEON ATP,ZEON ATP,/image/img0313.jpg,ZEON ATP专为想最大限度地利用每一滴汽油的驾车者而设计。它的胶料配方精心设计，可确保轮胎寿命达到最长。,/atp_detail.htm,175,70,13
ZEON ATP,ZEON ATP,/image/img0313.jpg,ZEON ATP专为想最大限度地利用每一滴汽油的驾车者而设计。它的胶料配方精心设计，可确保轮胎寿命达到最长。,/atp_detail.htm,185,70,13
ZEON ATP,ZEON ATP,/image/img0313.jpg,ZEON ATP专为想最大限度地利用每一滴汽油的驾车者而设计。它的胶料配方精心设计，可确保轮胎寿命达到最长。,/atp_detail.htm,165,70,14
ZEON ATP,ZEON ATP,/image/img0313.jpg,ZEON ATP专为想最大限度地利用每一滴汽油的驾车者而设计。它的胶料配方精心设计，可确保轮胎寿命达到最长。,/atp_detail.htm,185,70,14
ZEON ATP,ZEON ATP,/image/img0313.jpg,ZEON ATP专为想最大限度地利用每一滴汽油的驾车者而设计。它的胶料配方精心设计，可确保轮胎寿命达到最长。,/atp_detail.htm,195,70,14
ZEON ATP,ZEON ATP,/image/img0313.jpg,ZEON ATP专为想最大限度地利用每一滴汽油的驾车者而设计。它的胶料配方精心设计，可确保轮胎寿命达到最长。,/atp_detail.htm,205,70,14
ZEON ATP,ZEON ATP,/image/img0313.jpg,ZEON ATP专为想最大限度地利用每一滴汽油的驾车者而设计。它的胶料配方精心设计，可确保轮胎寿命达到最长。,/atp_detail.htm,215,70,15
ZEON ATP,ZEON ATP,/image/img0313.jpg,ZEON ATP专为想最大限度地利用每一滴汽油的驾车者而设计。它的胶料配方精心设计，可确保轮胎寿命达到最长。,/atp_detail.htm,175,70,14
ZEON ATP,ZEON ATP,/image/img0313.jpg,ZEON ATP专为想最大限度地利用每一滴汽油的驾车者而设计。它的胶料配方精心设计，可确保轮胎寿命达到最长。,/atp_detail.htm,205,70,15
Cooper Weather Master SA2,Cooper Weather Master SA2,/image/products_list_winter_img01.jpg,Cooper Weather Master SA2是Cooper最新的冬季多路况高性能轿车轮胎家族成员；其雪地，湿地路况的抓地性表现尤为突出。整个系列采用了Cooper最新的冬季轮胎设计技术，更适合雪地路面使用。,/sa2_detail.htm,205,55,16
Cooper Weather Master SA2,Cooper Weather Master SA2,/image/products_list_winter_img02.jpg,Cooper Weather Master SA2是Cooper最新的冬季多路况高性能轿车轮胎家族成员；其雪地，湿地路况的抓地性表现尤为突出。整个系列采用了Cooper最新的冬季轮胎设计技术，更适合雪地路面使用。,/sa2_detail.htm,185,55,15XL
Cooper Weather Master SA2,Cooper Weather Master SA2,/image/products_list_winter_img03.jpg,Cooper Weather Master SA2是Cooper最新的冬季多路况高性能轿车轮胎家族成员；其雪地，湿地路况的抓地性表现尤为突出。整个系列采用了Cooper最新的冬季轮胎设计技术，更适合雪地路面使用。,/sa2_detail.htm,195,60,15
Cooper Weather Master SA2,Cooper Weather Master SA2,/image/products_list_winter_img04.jpg,Cooper Weather Master SA2是Cooper最新的冬季多路况高性能轿车轮胎家族成员；其雪地，湿地路况的抓地性表现尤为突出。整个系列采用了Cooper最新的冬季轮胎设计技术，更适合雪地路面使用。,/sa2_detail.htm,185,60,15XL
Cooper Weather Master SA2,Cooper Weather Master SA2,/image/products_list_winter_img05.jpg,Cooper Weather Master SA2是Cooper最新的冬季多路况高性能轿车轮胎家族成员；其雪地，湿地路况的抓地性表现尤为突出。整个系列采用了Cooper最新的冬季轮胎设计技术，更适合雪地路面使用。,/sa2_detail.htm,185,60,14
Cooper Weather Master SA2,Cooper Weather Master SA2,/image/products_list_winter_img06.jpg,Cooper Weather Master SA2是Cooper最新的冬季多路况高性能轿车轮胎家族成员；其雪地，湿地路况的抓地性表现尤为突出。整个系列采用了Cooper最新的冬季轮胎设计技术，更适合雪地路面使用。,/sa2_detail.htm,195,65,15
Cooper Weather Master SA2,Cooper Weather Master SA2,/image/products_list_winter_img07.jpg,Cooper Weather Master SA2是Cooper最新的冬季多路况高性能轿车轮胎家族成员；其雪地，湿地路况的抓地性表现尤为突出。整个系列采用了Cooper最新的冬季轮胎设计技术，更适合雪地路面使用。,/sa2_detail.htm,185,65,15
Cooper Weather Master SA2,Cooper Weather Master SA2,/image/products_list_winter_img08.jpg,Cooper Weather Master SA2是Cooper最新的冬季多路况高性能轿车轮胎家族成员；其雪地，湿地路况的抓地性表现尤为突出。整个系列采用了Cooper最新的冬季轮胎设计技术，更适合雪地路面使用。,/sa2_detail.htm,185,65,14
Cooper Weather Master SA2,Cooper Weather Master SA2,/image/products_list_winter_img09.jpg,Cooper Weather Master SA2是Cooper最新的冬季多路况高性能轿车轮胎家族成员；其雪地，湿地路况的抓地性表现尤为突出。整个系列采用了Cooper最新的冬季轮胎设计技术，更适合雪地路面使用。,/sa2_detail.htm,175,64,14
Cooper Weather Master SA2,Cooper Weather Master SA2,/image/products_list_winter_img10.jpg,Cooper Weather Master SA2是Cooper最新的冬季多路况高性能轿车轮胎家族成员；其雪地，湿地路况的抓地性表现尤为突出。整个系列采用了Cooper最新的冬季轮胎设计技术，更适合雪地路面使用。,/sa2_detail.htm,175,70,14
Cooper Weather Master SA2,Cooper Weather Master SA2,/image/products_list_winter_img11.jpg,Cooper Weather Master SA2是Cooper最新的冬季多路况高性能轿车轮胎家族成员；其雪地，湿地路况的抓地性表现尤为突出。整个系列采用了Cooper最新的冬季轮胎设计技术，更适合雪地路面使用。,/sa2_detail.htm,165,70,14
Cooper Weather Master SA2,Cooper Weather Master SA2,/image/products_list_winter_img12.jpg,Cooper Weather Master SA2是Cooper最新的冬季多路况高性能轿车轮胎家族成员；其雪地，湿地路况的抓地性表现尤为突出。整个系列采用了Cooper最新的冬季轮胎设计技术，更适合雪地路面使用。,/sa2_detail.htm,175,70,13
Cooper Weather Master SA2,Cooper Weather Master SA2,/image/products_list_winter_img13.jpg,Cooper Weather Master SA2是Cooper最新的冬季多路况高性能轿车轮胎家族成员；其雪地，湿地路况的抓地性表现尤为突出。整个系列采用了Cooper最新的冬季轮胎设计技术，更适合雪地路面使用。,/sa2_detail.htm,165,70,13
Cooper  Weather Master ST3,Cooper Weather Master ST3,/image/products_list_winter_img02.jpg,Cooper Weather Master ST3是Cooper最新的高性能冬季轮胎家族成员；其冰地，雪地路况的抓地性表现尤为突出。整个系列采用了Cooper最新的冬季轮胎设计技术。,/st3_detail.htm,215,55,16XL
Cooper  Weather Master ST3,Cooper Weather Master ST3,/image/products_list_winter_img02.jpg,Cooper Weather Master ST3是Cooper最新的高性能冬季轮胎家族成员；其冰地，雪地路况的抓地性表现尤为突出。整个系列采用了Cooper最新的冬季轮胎设计技术。,/st3_detail.htm,205,60,16XL
Cooper  Weather Master ST3,Cooper Weather Master ST3,/image/products_list_winter_img02.jpg,Cooper Weather Master ST3是Cooper最新的高性能冬季轮胎家族成员；其冰地，雪地路况的抓地性表现尤为突出。整个系列采用了Cooper最新的冬季轮胎设计技术。,/st3_detail.htm,185,70,14
Avon Ice Touring,Avon Ice Touring,/image/products_list_winter_img03.jpg,Avon Ice Touring是一款高性能冬季轮胎，非对称花纹设计，高含量硅胎面配方，“Snow-Groove”专利技术，使其在雪地、冰地、湿滑路况的抓地力表现极佳。,/ait_detail.htm,205,65,15
Cooper Weather Master ST2,Cooper Weather Master ST2,/image/products_list_winter_img04.jpg,Cooper Weather Master ST2是一款高端的、可镶钉的冬季胎。专利的雪地沟槽技术，高牵引力的胎面设计可为车主提供极佳的冰雪地抓地力和舒适的驾驶乐趣。,/st2_detail.htm,215,60,17
Cooper Weather Master ST2,Cooper Weather Master ST2,/image/products_list_winter_img04.jpg,Cooper Weather Master ST2是一款高端的、可镶钉的冬季胎。专利的雪地沟槽技术，高牵引力的胎面设计可为车主提供极佳的冰雪地抓地力和舒适的驾驶乐趣。,/st2_detail.htm,215,60,16
Cooper Weather Master ST2,Cooper Weather Master ST2,/image/products_list_winter_img04.jpg,Cooper Weather Master ST2是一款高端的、可镶钉的冬季胎。专利的雪地沟槽技术，高牵引力的胎面设计可为车主提供极佳的冰雪地抓地力和舒适的驾驶乐趣。,/st2_detail.htm,215,65,16
Cooper Weather Master ST2,Cooper Weather Master ST2,/image/products_list_winter_img04.jpg,Cooper Weather Master ST2是一款高端的、可镶钉的冬季胎。专利的雪地沟槽技术，高牵引力的胎面设计可为车主提供极佳的冰雪地抓地力和舒适的驾驶乐趣。,/st2_detail.htm,215,70,15
Cooper Weather Master ST2,Cooper Weather Master ST2,/image/products_list_winter_img04.jpg,Cooper Weather Master ST2是一款高端的、可镶钉的冬季胎。专利的雪地沟槽技术，高牵引力的胎面设计可为车主提供极佳的冰雪地抓地力和舒适的驾驶乐趣。,/st2_detail.htm,205,70,15
Cooper Weather Master ST2,Cooper Weather Master ST2,/image/products_list_winter_img04.jpg,Cooper Weather Master ST2是一款高端的、可镶钉的冬季胎。专利的雪地沟槽技术，高牵引力的胎面设计可为车主提供极佳的冰雪地抓地力和舒适的驾驶乐趣。,/st2_detail.htm,215,75,15
Cooper Discoverer M+S,Cooper Discoverer M+S,/image/products_list_winter_img05.jpg,Cooper Discoverer M+S是一款能够为驾驶者带来极佳冰雪地抓地力的可镶钉的冬季胎，适用于各种的SUV和4X4车型。,/m_s_detail.htm,235,65,17
Cooper Discoverer M+S,Cooper Discoverer M+S,/image/products_list_winter_img05.jpg,Cooper Discoverer M+S是一款能够为驾驶者带来极佳冰雪地抓地力的可镶钉的冬季胎，适用于各种的SUV和4X4车型。,/m_s_detail.htm,215,70,16
Cooper Discoverer M+S,Cooper Discoverer M+S,/image/products_list_winter_img05.jpg,Cooper Discoverer M+S是一款能够为驾驶者带来极佳冰雪地抓地力的可镶钉的冬季胎，适用于各种的SUV和4X4车型。,/m_s_detail.htm,225,75,16
Cooper Discoverer M+S,Cooper Discoverer M+S,/image/products_list_winter_img05.jpg,Cooper Discoverer M+S是一款能够为驾驶者带来极佳冰雪地抓地力的可镶钉的冬季胎，适用于各种的SUV和4X4车型。,/m_s_detail.htm,235,75,15